PlateThickness,InitialTemperature,HeatInput,ElectrodeVelocity,X,Y,Z,Max Temperature
0.005,240,1000,0.0035,0.025,0.025,0.0025,739.727658
0.005,200,1000,0.003,0.0,0.02,0.0,1010.166948
0.005,240,900,0.004,0.05,0.025,0.0,527.410827
0.003,240,1200,0.004,0.0,0.015,0.0,859.259301
0.004,180,900,0.004,0.0,0.015,0.0,1463.157368
0.005,200,900,0.004,0.025,0.025,0.005,689.681733
0.003,180,1200,0.003,0.025,0.04,0.0015,964.563529
0.004,200,1000,0.0035,0.0,0.015,0.002,701.639557
0.003,240,900,0.003,0.0,0.0,0.003,543.13917
0.005,240,900,0.0035,0.025,0.0,0.0025,543.652673
0.003,200,900,0.003,0.0,0.0,0.0015,564.614008
0.005,200,900,0.0035,0.05,0.015,0.0025,615.310479
0.003,240,900,0.003,0.05,0.04,0.003,549.558617
0.005,200,900,0.003,0.025,0.0,0.0,603.3825
0.005,240,1000,0.0035,0.0,0.025,0.0025,594.625665
0.005,200,900,0.0035,0.05,0.0,0.0,558.123709
0.005,240,900,0.004,0.0,0.025,0.0025,527.410792
0.005,200,1200,0.004,0.0,0.04,0.0025,552.452363
0.005,180,900,0.003,0.0,0.025,0.0,685.211812
0.004,200,1000,0.004,0.05,0.025,0.0,745.203373
0.004,200,900,0.004,0.0,0.015,0.002,625.161149
0.005,200,1200,0.004,0.0,0.025,0.005,601.313325
0.005,180,1200,0.004,0.0,0.04,0.005,580.237337
0.004,180,1200,0.004,0.025,0.04,0.0,561.136605
0.005,180,1200,0.003,0.05,0.015,0.0,743.821687
0.005,180,900,0.0035,0.025,0.02,0.005,1052.864237
0.005,240,1000,0.004,0.025,0.0,0.0,526.48161
0.005,180,900,0.004,0.025,0.04,0.005,573.701508
0.003,240,1000,0.003,0.0,0.0,0.0,487.434894
0.003,240,900,0.004,0.025,0.015,0.0,601.888171
0.004,180,1000,0.003,0.025,0.04,0.002,545.817283
0.005,240,1000,0.0035,0.025,0.0,0.0025,555.460902
0.003,240,900,0.004,0.0,0.025,0.0,762.34286
0.003,180,900,0.003,0.0,0.015,0.003,691.614065
0.004,200,1200,0.004,0.05,0.025,0.0,623.212217
0.004,180,1000,0.004,0.0,0.015,0.004,579.065866
0.004,200,900,0.003,0.0,0.04,0.002,632.967067
0.005,200,900,0.0035,0.0,0.025,0.0,606.81049
0.003,240,900,0.003,0.0,0.025,0.003,794.913597
0.005,180,900,0.0035,0.05,0.015,0.0025,629.880368
0.005,240,1000,0.0035,0.0,0.02,0.0025,683.564827
0.003,240,1000,0.0035,0.0,0.015,0.003,894.003238
0.005,240,900,0.004,0.0,0.015,0.0,533.030701
0.005,180,1200,0.004,0.05,0.015,0.0,631.980991
0.004,200,900,0.004,0.05,0.0,0.0,538.006968
0.005,180,1200,0.004,0.05,0.0,0.0,579.890981
0.003,180,1200,0.003,0.0,0.04,0.003,768.320277
0.005,180,1000,0.0035,0.025,0.02,0.0,1500.0
0.004,200,1200,0.004,0.025,0.04,0.0,562.126918
0.004,180,1000,0.004,0.0,0.015,0.0,579.065866
0.005,200,1200,0.0035,0.025,0.025,0.0,842.816795
0.003,200,1000,0.003,0.025,0.04,0.0015,906.633815
0.003,240,1000,0.004,0.0,0.0,0.0,534.385131
0.003,180,1200,0.004,0.0,0.02,0.0015,623.669185
0.003,240,1200,0.0035,0.0,0.015,0.0015,939.272497
0.003,200,1000,0.004,0.0,0.04,0.0,581.088472
0.005,200,900,0.004,0.05,0.015,0.0025,575.532515
0.003,240,1200,0.003,0.05,0.025,0.0,748.81361
0.004,240,1000,0.004,0.05,0.02,0.0,702.447946
0.005,240,1200,0.004,0.0,0.02,0.005,646.293145
0.004,240,900,0.004,0.0,0.0,0.002,498.87841
0.004,180,1200,0.004,0.025,0.015,0.004,634.054257
0.005,180,1200,0.0035,0.05,0.02,0.0,881.694538
0.003,240,1200,0.004,0.05,0.04,0.003,508.506081
0.003,180,900,0.004,0.0,0.015,0.0,539.800013
0.003,180,900,0.003,0.0,0.0,0.0015,565.673447
0.005,240,900,0.004,0.0,0.02,0.005,545.583527
0.005,180,1000,0.004,0.025,0.04,0.0,581.184141
0.005,240,1000,0.0035,0.05,0.015,0.0025,603.063991
0.004,200,900,0.0035,0.025,0.0,0.004,554.40346
0.005,180,1000,0.0035,0.0,0.015,0.0,649.248799
0.003,180,1000,0.004,0.0,0.025,0.0015,710.404683
0.005,180,900,0.003,0.025,0.04,0.0025,626.544791
0.005,180,1200,0.003,0.025,0.0,0.0025,650.540876
0.003,240,1000,0.004,0.05,0.04,0.0,484.866698
0.004,180,1200,0.004,0.05,0.04,0.002,569.64558
0.003,180,1000,0.004,0.025,0.02,0.0,754.216169
0.003,240,1200,0.0035,0.05,0.04,0.003,544.295863
0.003,240,1200,0.0035,0.0,0.0,0.003,577.653934
0.004,180,1000,0.003,0.05,0.015,0.002,716.070252
0.005,200,1000,0.003,0.0,0.015,0.0025,685.720498
0.005,200,1000,0.0035,0.025,0.025,0.005,767.889337
0.004,200,1200,0.0035,0.05,0.02,0.002,858.573433
0.005,180,1000,0.004,0.025,0.015,0.0,744.057483
0.003,200,900,0.003,0.05,0.0,0.0,564.812626
0.005,240,1200,0.004,0.05,0.025,0.0,575.440052
0.005,240,1000,0.0035,0.025,0.04,0.0,554.164179
0.003,240,900,0.0035,0.05,0.025,0.0,595.091642
0.005,240,1200,0.003,0.0,0.02,0.0,1255.067233
0.005,240,1000,0.004,0.05,0.04,0.0025,510.506947
0.005,240,1000,0.0035,0.05,0.04,0.0,542.277705
0.004,240,900,0.004,0.0,0.02,0.0,716.543307
0.005,240,900,0.004,0.05,0.0,0.0025,499.242257
0.004,180,1200,0.003,0.0,0.04,0.004,557.01632
0.005,240,1200,0.0035,0.05,0.02,0.0025,741.710106
0.003,200,900,0.004,0.025,0.02,0.0015,1173.186053
0.005,200,1200,0.003,0.0,0.0,0.005,622.108313
0.004,180,1000,0.004,0.0,0.025,0.002,1401.949993
0.003,200,1000,0.003,0.025,0.015,0.003,577.810499
0.004,200,1200,0.004,0.05,0.015,0.0,624.302393
0.004,180,1200,0.004,0.0,0.025,0.004,879.796236
0.005,200,1000,0.0035,0.0,0.04,0.005,560.103674
0.005,180,1200,0.004,0.025,0.04,0.005,604.020974
0.003,200,900,0.004,0.05,0.015,0.0,494.978068
0.003,240,1200,0.004,0.05,0.0,0.0015,507.946324
0.004,240,1200,0.003,0.05,0.04,0.0,592.179686
0.004,240,900,0.0035,0.05,0.04,0.0,531.886719
0.003,240,1200,0.004,0.05,0.04,0.0015,508.506081
0.005,240,1200,0.004,0.0,0.025,0.005,575.06467
0.003,240,900,0.003,0.0,0.02,0.0015,1446.600346
0.005,180,1000,0.003,0.0,0.025,0.005,701.276725
0.004,180,1200,0.0035,0.0,0.0,0.0,619.606104
0.003,180,900,0.004,0.025,0.015,0.003,508.829459
0.004,180,900,0.003,0.05,0.02,0.0,938.274934
0.004,180,900,0.004,0.025,0.04,0.0,545.20495
0.003,180,1200,0.003,0.0,0.02,0.0,769.632672
0.004,180,900,0.004,0.025,0.015,0.0,704.166648
0.004,200,1200,0.0035,0.05,0.0,0.002,573.904389
0.005,180,1000,0.004,0.05,0.04,0.0,553.587026
0.003,200,900,0.004,0.025,0.04,0.003,510.136835
0.005,200,1200,0.003,0.025,0.04,0.0025,631.634166
0.004,180,1000,0.004,0.05,0.015,0.0,611.804969
0.003,200,1000,0.0035,0.025,0.025,0.0,553.966672
0.003,200,900,0.0035,0.05,0.025,0.0,609.138482
0.004,240,900,0.0035,0.05,0.015,0.0,598.782146
0.004,240,1000,0.004,0.025,0.0,0.0,525.234379
0.005,200,1000,0.004,0.025,0.015,0.0025,716.942792
0.003,180,1200,0.0035,0.05,0.04,0.0,683.639331
0.004,200,900,0.0035,0.05,0.02,0.0,1440.701623
0.003,200,900,0.004,0.025,0.015,0.0,708.6585
0.004,180,900,0.0035,0.0,0.025,0.0,894.125334
0.004,240,1200,0.0035,0.05,0.0,0.002,565.705503
0.004,180,900,0.004,0.0,0.0,0.0,808.26449
0.004,200,900,0.004,0.05,0.015,0.0,721.639556
0.003,240,900,0.004,0.025,0.02,0.0,853.837076
0.005,240,900,0.003,0.025,0.015,0.005,794.632779
0.003,180,1200,0.0035,0.025,0.04,0.0,884.963471
0.005,240,1200,0.0035,0.05,0.02,0.0,942.521681
0.003,180,1200,0.003,0.05,0.04,0.0,768.784534
0.003,180,1200,0.004,0.0,0.02,0.003,623.669185
0.004,180,1200,0.004,0.05,0.02,0.0,1500.0
0.005,200,900,0.0035,0.025,0.04,0.0,576.3481
0.003,200,1000,0.004,0.05,0.015,0.0015,730.218683
0.004,180,1200,0.0035,0.0,0.02,0.002,1500.0
0.003,180,1000,0.003,0.025,0.04,0.003,1500.0
0.005,180,1000,0.003,0.025,0.0,0.005,636.566851
0.004,180,1200,0.003,0.0,0.04,0.002,557.305217
0.004,200,1000,0.0035,0.05,0.02,0.0,1500.0
0.003,180,900,0.003,0.0,0.04,0.003,566.345472
0.005,200,1200,0.003,0.0,0.0,0.0,622.108313
0.004,200,1200,0.0035,0.025,0.02,0.004,1421.600829
0.003,240,1000,0.003,0.0,0.015,0.0015,687.165812
0.003,180,900,0.0035,0.0,0.02,0.0015,631.198709
0.005,200,1200,0.004,0.05,0.02,0.0,739.586578
0.004,200,900,0.004,0.05,0.04,0.004,536.771338
0.003,180,900,0.0035,0.0,0.025,0.0015,778.460991
0.004,240,1000,0.0035,0.025,0.015,0.0,797.315403
0.005,240,1200,0.0035,0.0,0.015,0.0025,642.008069
0.005,240,1000,0.003,0.0,0.04,0.0025,579.465534
0.003,180,1200,0.004,0.05,0.04,0.0,531.301846
0.003,200,1000,0.004,0.025,0.025,0.003,507.835552
0.003,200,900,0.004,0.0,0.015,0.0,558.966537
0.003,240,1200,0.004,0.0,0.02,0.0,1500.0
0.004,180,1200,0.004,0.05,0.04,0.0,569.341829
0.004,200,1200,0.004,0.05,0.0,0.002,552.253986
0.004,180,1000,0.0035,0.05,0.0,0.0,569.51553
0.004,200,900,0.004,0.025,0.04,0.002,526.901727
0.004,200,1200,0.0035,0.0,0.015,0.0,671.272428
0.004,180,900,0.004,0.05,0.025,0.0,597.975642
0.004,240,1000,0.0035,0.025,0.0,0.002,556.34857
0.004,200,900,0.003,0.025,0.0,0.002,587.239262
0.005,180,1000,0.003,0.0,0.02,0.0,989.116712
0.004,240,1200,0.003,0.0,0.02,0.002,1158.769681
0.005,180,1000,0.003,0.0,0.0,0.0,620.739978
0.004,240,900,0.004,0.05,0.04,0.0,499.418384
0.003,240,1200,0.004,0.05,0.025,0.0,602.953024
0.004,240,1000,0.004,0.0,0.015,0.004,563.088022
0.003,180,1000,0.003,0.025,0.0,0.003,715.167278
0.005,240,900,0.003,0.0,0.04,0.0025,567.474882
0.004,180,1000,0.004,0.05,0.015,0.004,611.804934
0.004,180,900,0.0035,0.05,0.015,0.002,642.922376
0.005,180,900,0.003,0.025,0.02,0.0025,1284.069634
0.003,240,900,0.004,0.05,0.02,0.0015,709.219612
0.004,180,1200,0.0035,0.05,0.025,0.004,684.80699
0.003,240,900,0.003,0.0,0.025,0.0015,794.913597
0.004,180,1000,0.0035,0.0,0.025,0.0,921.527203
0.005,180,1000,0.0035,0.025,0.025,0.0,814.115182
0.004,200,1000,0.003,0.0,0.0,0.0,526.318617
0.004,200,900,0.003,0.025,0.025,0.004,685.419162
0.004,240,1200,0.0035,0.0,0.04,0.002,566.662967
0.003,180,1000,0.003,0.0,0.04,0.0,1126.352591
0.005,200,1000,0.003,0.05,0.02,0.0025,768.692969
0.004,180,900,0.004,0.05,0.02,0.004,597.975632
0.005,240,1000,0.0035,0.0,0.02,0.0,854.511527
0.005,240,1200,0.004,0.025,0.02,0.005,1025.716987
0.004,200,900,0.0035,0.05,0.02,0.002,1297.189935
0.003,200,1000,0.004,0.05,0.0,0.0,581.088472
0.003,240,900,0.004,0.0,0.015,0.003,765.326749
0.004,240,1000,0.003,0.025,0.025,0.002,885.069596
0.003,180,900,0.003,0.025,0.04,0.0015,891.764823
0.003,180,1000,0.004,0.05,0.0,0.0015,536.450667
0.003,200,1200,0.003,0.0,0.025,0.0015,522.050567
0.004,180,900,0.0035,0.05,0.015,0.004,642.51179
0.004,240,1200,0.003,0.05,0.015,0.0,727.919549
0.005,180,1200,0.0035,0.0,0.025,0.0025,678.687495
0.003,180,1000,0.004,0.05,0.0,0.003,536.450667
0.004,240,1000,0.003,0.05,0.02,0.0,1056.865459
0.003,240,1200,0.003,0.05,0.02,0.0015,1329.646403
0.005,180,1200,0.0035,0.025,0.0,0.0025,627.813681
0.003,180,1200,0.004,0.0,0.04,0.0015,617.903327
0.003,240,900,0.003,0.025,0.04,0.0,529.542452
0.005,200,900,0.0035,0.0,0.0,0.0,557.775947
0.003,200,1200,0.004,0.025,0.02,0.0,1054.096007
0.003,180,1200,0.003,0.0,0.015,0.003,594.969738
0.005,180,900,0.004,0.05,0.02,0.0,610.361317
0.003,200,1200,0.003,0.05,0.04,0.0,592.78199
0.005,200,900,0.003,0.0,0.04,0.0025,585.793691
0.004,240,900,0.004,0.0,0.015,0.0,542.664625
0.005,200,900,0.003,0.025,0.025,0.0,846.599219
0.003,240,900,0.003,0.05,0.0,0.0,548.93777
0.004,240,1200,0.003,0.0,0.02,0.0,1296.898884
0.005,200,1200,0.0035,0.05,0.0,0.0025,586.389469
0.003,200,1200,0.0035,0.0,0.04,0.003,595.180059
0.004,180,1200,0.004,0.05,0.0,0.002,571.067592
0.004,180,1000,0.003,0.0,0.0,0.004,553.598081
0.005,240,900,0.0035,0.025,0.025,0.005,712.092226
0.005,240,1000,0.004,0.025,0.015,0.0025,686.536903
0.005,240,1200,0.003,0.025,0.04,0.005,600.74053
0.003,180,1000,0.0035,0.025,0.025,0.003,1477.862824
0.004,240,1200,0.004,0.025,0.04,0.002,545.328946
0.004,180,1200,0.004,0.05,0.0,0.0,570.76208
0.003,240,900,0.004,0.025,0.04,0.0,508.074639
0.005,200,1200,0.0035,0.0,0.025,0.0,657.840754
0.003,200,900,0.004,0.0,0.015,0.0015,558.966536
0.003,180,900,0.003,0.0,0.02,0.0,1014.246145
0.004,240,900,0.004,0.05,0.04,0.002,499.189914
0.005,240,1000,0.003,0.0,0.0,0.005,578.407218
0.004,180,1200,0.003,0.0,0.015,0.004,760.202914
0.005,240,1200,0.003,0.0,0.04,0.0,596.189236
0.005,180,1200,0.0035,0.05,0.025,0.0025,678.11177
0.005,200,900,0.004,0.025,0.0,0.005,555.609655
0.003,240,1000,0.003,0.0,0.0,0.003,487.434894
0.004,240,900,0.004,0.025,0.02,0.0,1210.700323
0.004,200,900,0.004,0.05,0.025,0.004,716.79819
0.005,200,1000,0.003,0.025,0.02,0.0025,1322.230017
0.005,180,1000,0.003,0.05,0.015,0.0,703.521541
0.005,240,900,0.0035,0.05,0.02,0.0025,622.203276
0.004,200,1200,0.0035,0.025,0.025,0.002,868.270258
0.003,200,900,0.003,0.025,0.025,0.0,884.34666
0.005,200,1000,0.004,0.0,0.015,0.0,586.959265
0.005,180,1000,0.0035,0.0,0.02,0.005,685.514868
0.005,180,1000,0.003,0.0,0.015,0.0,702.894116
0.005,240,1000,0.0035,0.05,0.02,0.0,807.594643
0.004,200,1200,0.0035,0.0,0.015,0.004,671.270669
0.004,240,1200,0.0035,0.0,0.02,0.004,898.093493
0.003,240,1200,0.004,0.0,0.015,0.003,858.34702
0.004,180,1000,0.004,0.0,0.04,0.004,833.131729
0.005,180,1200,0.003,0.025,0.015,0.0025,936.133174
0.004,180,1000,0.004,0.05,0.0,0.004,550.062095
0.004,200,1000,0.004,0.025,0.02,0.004,623.879475
0.004,180,900,0.0035,0.025,0.04,0.002,593.335933
0.003,240,1000,0.004,0.05,0.04,0.003,484.866698
0.003,200,900,0.0035,0.025,0.02,0.0015,1378.624377
0.005,200,900,0.0035,0.025,0.015,0.0025,748.328885
0.004,200,900,0.004,0.025,0.02,0.0,691.177224
0.005,180,1200,0.003,0.05,0.02,0.0,1110.414795
0.005,180,1000,0.004,0.05,0.04,0.0025,553.245608
0.004,200,1000,0.004,0.0,0.015,0.002,645.783086
0.004,180,1200,0.004,0.0,0.0,0.0,595.605678
0.004,180,1000,0.0035,0.0,0.025,0.004,913.08849
0.004,180,1200,0.0035,0.05,0.025,0.0,684.807531
0.003,200,1200,0.004,0.05,0.025,0.0015,612.339131
0.005,240,1200,0.0035,0.0,0.04,0.0025,562.432564
0.005,200,1000,0.004,0.0,0.02,0.0,712.434302
0.005,240,1000,0.0035,0.0,0.04,0.0,541.951593
0.005,240,900,0.004,0.05,0.02,0.0025,545.583527
0.004,200,900,0.0035,0.05,0.04,0.0,562.514582
0.005,240,900,0.0035,0.05,0.04,0.0,529.771637
0.005,180,1000,0.0035,0.025,0.015,0.0025,801.236661
0.004,240,900,0.004,0.025,0.04,0.002,514.006593
0.004,180,900,0.004,0.025,0.04,0.002,545.480308
0.003,180,1000,0.0035,0.05,0.04,0.0,637.038481
0.003,200,1200,0.003,0.0,0.02,0.0015,735.270585
0.005,180,1000,0.0035,0.025,0.0,0.0,609.290873
0.004,240,1200,0.0035,0.0,0.015,0.004,661.134827
0.005,200,900,0.003,0.05,0.0,0.0025,584.684315
0.004,200,1000,0.003,0.0,0.02,0.0,651.185265
0.005,200,1000,0.004,0.05,0.02,0.0025,603.758215
0.004,200,900,0.003,0.025,0.025,0.002,685.912747
0.004,180,1000,0.004,0.0,0.015,0.002,579.381892
0.005,200,1200,0.003,0.05,0.04,0.0,623.348407
0.003,200,1000,0.004,0.0,0.025,0.0,507.272843
0.005,240,1000,0.004,0.025,0.0,0.005,526.48161
0.003,200,900,0.004,0.025,0.02,0.0,1241.9722
0.005,200,900,0.004,0.025,0.0,0.0,555.609655
0.005,240,1000,0.0035,0.025,0.04,0.005,554.164179
0.004,240,1000,0.0035,0.0,0.015,0.004,622.211404
0.005,200,1200,0.003,0.025,0.025,0.0025,907.153592
0.005,180,1200,0.003,0.05,0.0,0.0,639.701821
0.004,180,1200,0.004,0.0,0.02,0.004,1430.76003
0.003,240,1000,0.0035,0.05,0.0,0.003,522.197046
0.005,180,1000,0.003,0.0,0.04,0.0025,621.995369
0.005,240,1000,0.003,0.05,0.04,0.0025,579.086253
0.003,240,1000,0.003,0.0,0.02,0.0015,1145.718714
0.003,240,900,0.0035,0.05,0.0,0.003,507.359516
0.003,240,1200,0.004,0.0,0.015,0.0015,858.34702
0.005,180,1000,0.003,0.025,0.02,0.0,1500.0
0.003,180,1200,0.004,0.025,0.015,0.0,818.246662
0.004,240,1200,0.003,0.0,0.02,0.004,1114.474617
0.005,200,1000,0.0035,0.0,0.02,0.0,796.950423
0.005,180,1000,0.004,0.0,0.025,0.0,595.919989
0.005,240,1000,0.0035,0.025,0.015,0.0,758.464716
0.004,180,1000,0.004,0.025,0.025,0.002,724.005582
0.004,200,1000,0.004,0.025,0.0,0.002,536.594846
0.004,180,1000,0.0035,0.05,0.025,0.0,816.580798
0.005,200,1000,0.003,0.025,0.0,0.005,614.900925
0.003,180,900,0.004,0.05,0.025,0.0,574.224585
0.003,180,1000,0.0035,0.025,0.0,0.0015,544.540078
0.003,240,900,0.003,0.05,0.04,0.0015,549.558617
0.003,200,900,0.0035,0.0,0.0,0.0015,528.11289
0.003,180,1000,0.0035,0.0,0.04,0.003,636.770986
0.003,200,1200,0.003,0.025,0.02,0.0,742.807946
0.005,180,1000,0.003,0.05,0.02,0.0,926.839373
0.003,200,900,0.0035,0.05,0.02,0.0,814.267041
0.003,180,900,0.0035,0.05,0.0,0.0015,553.711115
0.005,180,900,0.004,0.05,0.0,0.0,548.612351
0.004,180,1200,0.0035,0.025,0.0,0.002,622.52116
0.003,200,900,0.004,0.025,0.04,0.0015,510.136835
0.004,200,1200,0.004,0.05,0.04,0.002,552.889769
0.003,200,1200,0.004,0.025,0.015,0.0,673.476928
0.003,240,1000,0.003,0.05,0.02,0.003,1134.692831
0.005,180,1200,0.003,0.025,0.025,0.005,924.143887
0.005,180,1000,0.004,0.025,0.0,0.005,580.973973
0.004,180,1200,0.0035,0.025,0.02,0.0,1180.080099
0.004,200,1000,0.004,0.025,0.04,0.0,536.932629
0.004,200,1200,0.0035,0.025,0.015,0.002,867.847083
0.003,180,900,0.0035,0.025,0.0,0.003,539.620572
0.003,180,1200,0.003,0.025,0.02,0.0,970.27488
0.003,240,1000,0.004,0.0,0.02,0.003,1456.094332
0.004,240,1000,0.0035,0.025,0.025,0.004,790.022656
0.003,180,1200,0.003,0.025,0.015,0.0015,601.676468
0.005,200,900,0.003,0.05,0.02,0.0025,732.502249
0.005,180,1200,0.0035,0.05,0.02,0.0025,726.404066
0.003,200,900,0.0035,0.025,0.0,0.003,541.636755
0.004,240,1200,0.0035,0.025,0.025,0.004,847.664558
0.005,240,1200,0.004,0.025,0.04,0.005,544.335469
0.005,200,1000,0.003,0.05,0.025,0.0025,682.41031
0.003,240,1000,0.003,0.05,0.04,0.0015,561.091381
0.004,200,1000,0.004,0.0,0.02,0.002,740.031445
0.004,200,900,0.003,0.025,0.02,0.004,837.823875
0.005,200,900,0.004,0.0,0.025,0.0025,568.551627
0.004,180,1200,0.0035,0.025,0.0,0.0,622.898714
0.004,180,1000,0.004,0.0,0.025,0.0,1500.0
0.005,200,1200,0.0035,0.025,0.015,0.005,826.093302
0.004,200,1200,0.004,0.025,0.0,0.002,563.802082
0.005,200,900,0.004,0.05,0.015,0.0,575.907093
0.003,200,900,0.003,0.0,0.025,0.0,680.413492
0.005,240,1200,0.004,0.025,0.04,0.0,544.335469
0.004,240,1000,0.003,0.025,0.04,0.002,586.610627
0.005,200,900,0.0035,0.0,0.02,0.005,643.607131
0.005,240,1000,0.004,0.025,0.02,0.0,1262.390872
0.004,240,900,0.0035,0.0,0.04,0.0,531.626124
0.004,200,1000,0.0035,0.05,0.04,0.0,573.022473
0.005,180,1200,0.0035,0.0,0.0,0.005,608.69134
0.005,200,1200,0.004,0.025,0.025,0.0025,751.843749
0.004,200,1000,0.004,0.0,0.02,0.0,809.916998
0.003,180,1200,0.003,0.0,0.015,0.0015,594.969738
0.005,180,1000,0.0035,0.0,0.02,0.0025,686.223842
0.005,180,1200,0.004,0.0,0.02,0.0025,658.131168
0.004,200,1200,0.0035,0.0,0.04,0.0,574.577839
0.005,200,1000,0.0035,0.025,0.04,0.0,581.669802
0.005,200,1200,0.004,0.0,0.04,0.0,552.112513
0.003,200,1200,0.004,0.05,0.0,0.003,528.76912
0.005,200,900,0.0035,0.05,0.0,0.0025,557.775947
0.003,200,900,0.004,0.0,0.025,0.0,549.434756
0.005,240,900,0.0035,0.025,0.0,0.0,543.324736
0.004,180,900,0.003,0.0,0.0,0.002,522.349746
0.005,200,900,0.003,0.025,0.0,0.0025,603.801374
0.003,240,900,0.003,0.05,0.02,0.0015,1040.124129
0.004,200,1200,0.003,0.05,0.025,0.002,739.027165
0.005,200,1000,0.003,0.05,0.0,0.0,599.568429
0.003,240,1000,0.003,0.025,0.0,0.0,471.278194
0.005,180,1000,0.0035,0.05,0.025,0.0,647.531315
0.003,180,900,0.003,0.0,0.0,0.0,565.673447
0.003,200,1200,0.004,0.0,0.04,0.003,562.419787
0.003,200,900,0.0035,0.05,0.04,0.0,528.880795
0.005,200,1000,0.0035,0.05,0.02,0.0,753.840272
0.004,240,1200,0.003,0.05,0.02,0.002,1114.474617
0.003,200,1000,0.0035,0.025,0.0,0.0,911.26399
0.005,240,1200,0.004,0.025,0.0,0.0,545.155752
0.005,240,900,0.003,0.0,0.015,0.0,647.589939
0.005,200,900,0.003,0.0,0.025,0.0,661.566108
0.004,180,1000,0.0035,0.025,0.02,0.0,991.34206
0.004,200,1200,0.003,0.025,0.0,0.004,609.036485
0.005,200,1000,0.003,0.0,0.025,0.005,682.41031
0.005,180,900,0.003,0.05,0.02,0.0025,740.589939
0.003,240,1200,0.0035,0.05,0.0,0.0015,543.688431
0.003,180,900,0.0035,0.05,0.04,0.0,793.039365
0.004,180,1200,0.003,0.05,0.02,0.004,1056.229719
0.003,240,900,0.004,0.05,0.02,0.0,737.815489
0.005,240,1000,0.003,0.0,0.025,0.0025,660.495278
0.005,200,1000,0.0035,0.0,0.04,0.0025,560.454744
0.005,200,1200,0.004,0.0,0.02,0.0,780.945682
0.005,200,1000,0.0035,0.05,0.0,0.0,559.78395
0.005,200,900,0.004,0.025,0.025,0.0025,691.477289
0.004,240,1000,0.004,0.025,0.02,0.0,1304.461962
0.003,200,900,0.004,0.0,0.02,0.0,720.66166
0.003,200,1200,0.0035,0.0,0.02,0.003,1500.0
0.004,200,1200,0.004,0.0,0.0,0.004,552.253986
0.005,240,1200,0.004,0.0,0.02,0.0,830.586126
0.005,200,1200,0.0035,0.0,0.04,0.0,587.114118
0.004,240,1200,0.0035,0.05,0.02,0.0,993.688162
0.005,180,1200,0.003,0.0,0.02,0.0025,889.49324
0.004,200,1200,0.003,0.0,0.015,0.002,741.714403
0.003,200,900,0.003,0.025,0.015,0.0,888.495249
0.004,200,1000,0.003,0.05,0.02,0.0,1500.0
0.004,240,900,0.003,0.025,0.02,0.0,1500.0
0.003,180,900,0.004,0.025,0.02,0.003,525.950162
0.004,180,1000,0.0035,0.0,0.04,0.004,605.831763
0.004,240,1200,0.003,0.05,0.02,0.0,1237.598257
0.005,240,1000,0.0035,0.0,0.025,0.005,594.220372
0.005,240,900,0.0035,0.0,0.02,0.0025,631.414184
0.004,200,1200,0.0035,0.0,0.025,0.0,670.408033
0.003,240,1000,0.004,0.0,0.025,0.003,798.948196
0.004,180,1200,0.004,0.0,0.04,0.004,593.846161
0.004,200,1200,0.0035,0.025,0.025,0.0,871.978088
0.004,180,1200,0.0035,0.025,0.025,0.002,761.701848
0.004,200,1200,0.0035,0.0,0.04,0.004,574.577839
0.003,240,1200,0.004,0.05,0.0,0.003,507.946324
0.003,240,900,0.004,0.0,0.025,0.0015,761.929842
0.003,200,900,0.0035,0.0,0.0,0.003,528.11289
0.003,180,1200,0.004,0.0,0.0,0.0,564.733581
0.004,240,1200,0.004,0.0,0.015,0.004,602.294208
0.005,240,1200,0.003,0.0,0.04,0.0025,596.595955
0.004,180,900,0.0035,0.025,0.0,0.0,592.963
0.003,200,900,0.003,0.05,0.015,0.0,690.019833
0.005,240,1200,0.004,0.0,0.015,0.005,583.770518
0.004,180,1000,0.004,0.05,0.025,0.0,610.739761
0.003,180,1000,0.003,0.05,0.04,0.0,1105.62199
0.005,200,900,0.003,0.025,0.025,0.005,823.265212
0.004,200,1200,0.0035,0.0,0.0,0.0,573.904389
0.003,180,900,0.003,0.025,0.025,0.0,1500.0
0.005,240,900,0.0035,0.025,0.025,0.0,725.841864
0.005,180,900,0.0035,0.0,0.0,0.0,570.796064
0.005,240,1200,0.0035,0.025,0.04,0.005,571.929953
0.004,240,1000,0.003,0.0,0.04,0.004,581.957582
0.004,180,1200,0.003,0.025,0.0,0.0,550.342938
0.003,240,900,0.0035,0.05,0.02,0.0015,836.03065
0.004,180,1000,0.003,0.0,0.02,0.002,1150.79742
0.003,240,1000,0.004,0.0,0.015,0.003,809.533855
0.005,180,1200,0.003,0.025,0.02,0.005,1348.576568
0.004,180,1200,0.004,0.0,0.015,0.004,878.893335
0.004,200,900,0.003,0.025,0.015,0.004,686.525352
0.004,200,1000,0.004,0.05,0.02,0.004,1141.058391
0.003,180,900,0.0035,0.0,0.04,0.0,620.531702
0.005,180,1200,0.0035,0.0,0.0,0.0025,609.119425
0.004,240,1200,0.003,0.025,0.02,0.004,1500.0
0.003,200,1000,0.003,0.025,0.02,0.0015,911.522568
0.003,200,1000,0.003,0.0,0.015,0.003,567.97027
0.004,180,900,0.003,0.025,0.04,0.0,508.664249
0.003,200,900,0.0035,0.025,0.04,0.0015,540.445966
0.004,180,1000,0.004,0.0,0.02,0.002,833.703686
0.005,200,900,0.0035,0.0,0.04,0.0,558.431055
0.005,200,900,0.0035,0.0,0.0,0.005,557.775947
0.005,200,900,0.0035,0.05,0.015,0.0,615.75903
0.003,180,1000,0.004,0.05,0.02,0.0,593.587073
0.004,240,1000,0.0035,0.0,0.025,0.004,620.870058
0.003,240,1200,0.003,0.05,0.025,0.003,748.809407
0.003,180,1200,0.003,0.0,0.015,0.0,594.969738
0.005,240,1200,0.0035,0.025,0.04,0.0,571.929953
0.005,180,900,0.004,0.025,0.02,0.0025,981.994031
0.003,240,1000,0.003,0.05,0.025,0.003,703.548933
0.005,200,1200,0.0035,0.0,0.02,0.0,964.406533
0.004,180,900,0.0035,0.0,0.025,0.004,886.645899
0.003,200,900,0.003,0.025,0.04,0.003,571.502447
0.005,240,1000,0.0035,0.0,0.02,0.005,668.02567
0.004,240,900,0.0035,0.0,0.0,0.0,531.031214
0.005,180,1000,0.004,0.025,0.02,0.0,1326.834665
0.003,200,900,0.004,0.0,0.0,0.003,494.828438
0.005,180,900,0.0035,0.05,0.0,0.0025,570.796064
0.003,200,1200,0.0035,0.0,0.02,0.0,1500.0
0.003,200,1000,0.003,0.0,0.015,0.0,567.97027
0.005,180,1200,0.004,0.025,0.015,0.005,780.981821
0.005,240,1200,0.0035,0.05,0.0,0.0025,561.434003
0.005,240,1000,0.0035,0.0,0.04,0.005,541.951593
0.005,200,900,0.0035,0.0,0.0,0.0025,558.123709
0.003,240,900,0.004,0.0,0.02,0.0015,1351.295546
0.003,240,1000,0.0035,0.0,0.02,0.003,1500.0
0.005,200,1200,0.0035,0.0,0.02,0.005,722.695583
0.005,180,900,0.0035,0.0,0.0,0.0025,571.162746
0.005,180,1000,0.003,0.0,0.0,0.0025,621.189772
0.005,240,900,0.0035,0.0,0.04,0.0,529.46164
0.005,180,900,0.004,0.0,0.02,0.0,654.34525
0.003,180,1000,0.003,0.025,0.015,0.0,577.060506
0.003,200,900,0.003,0.0,0.02,0.0,1036.710749
0.005,200,1200,0.004,0.0,0.025,0.0,601.316588
0.004,180,1000,0.003,0.0,0.015,0.0,739.0539
0.004,240,1000,0.0035,0.025,0.015,0.004,792.75311
0.003,180,900,0.003,0.025,0.025,0.0015,1500.0
0.005,240,1200,0.003,0.025,0.0,0.0025,602.624536
0.004,200,1000,0.003,0.0,0.025,0.0,574.029034
0.004,200,1000,0.004,0.025,0.02,0.002,637.022366
0.004,180,900,0.0035,0.025,0.02,0.0,896.671741
0.004,200,900,0.0035,0.0,0.04,0.002,587.6097
0.004,180,1200,0.003,0.025,0.025,0.002,610.739732
0.004,180,900,0.0035,0.05,0.025,0.0,641.444756
0.004,240,900,0.003,0.025,0.02,0.004,1386.54039
0.004,240,900,0.004,0.0,0.04,0.0,499.189914
0.003,200,1000,0.003,0.05,0.02,0.0,568.171619
0.003,240,1000,0.0035,0.025,0.02,0.0,1161.52728
0.004,200,1200,0.004,0.025,0.025,0.002,796.396162
0.005,180,1200,0.004,0.05,0.04,0.0,580.618403
0.003,200,900,0.0035,0.025,0.0,0.0,541.636755
0.004,200,900,0.0035,0.025,0.04,0.002,555.324873
0.004,180,1200,0.003,0.05,0.025,0.0,761.743985
0.003,180,1200,0.003,0.0,0.02,0.0015,769.629669
0.004,240,1200,0.003,0.025,0.025,0.0,933.695634
0.003,240,900,0.004,0.0,0.015,0.0015,765.326749
0.005,200,900,0.003,0.025,0.02,0.005,1188.347798
0.003,240,900,0.0035,0.0,0.0,0.0015,557.435821
0.004,180,1000,0.0035,0.05,0.02,0.002,654.650012
0.003,200,1200,0.003,0.0,0.02,0.0,735.521477
0.003,200,1200,0.003,0.025,0.04,0.0,507.993291
0.003,200,1000,0.004,0.0,0.015,0.0,633.949086
0.003,200,900,0.004,0.0,0.0,0.0015,494.828438
0.003,200,900,0.004,0.025,0.025,0.003,703.616448
0.003,200,1200,0.003,0.05,0.0,0.0015,592.083227
0.003,240,900,0.004,0.0,0.02,0.0,1432.282629
0.005,180,1200,0.0035,0.0,0.0,0.0,608.69134
0.004,200,1200,0.003,0.025,0.015,0.002,944.347774
0.003,180,1000,0.0035,0.025,0.015,0.0015,562.371444
0.005,200,1000,0.0035,0.0,0.0,0.0,559.433835
0.004,180,900,0.0035,0.0,0.04,0.0,596.954253
0.003,200,1000,0.003,0.025,0.025,0.003,1500.0
0.004,240,1000,0.0035,0.05,0.015,0.002,622.211404
0.003,240,1000,0.0035,0.05,0.025,0.0015,621.725993
0.005,240,900,0.003,0.025,0.0,0.005,577.932109
0.004,240,1200,0.004,0.05,0.015,0.002,602.294208
0.005,240,1000,0.004,0.0,0.02,0.0025,578.83926
0.005,240,900,0.003,0.05,0.04,0.0,567.474882
0.004,180,1000,0.0035,0.0,0.02,0.002,1500.0
0.003,200,900,0.004,0.05,0.0,0.0,494.978068
0.004,180,1000,0.0035,0.05,0.04,0.0,655.105421
0.004,240,1000,0.0035,0.025,0.0,0.0,556.060794
0.003,180,1200,0.003,0.05,0.015,0.0,595.194528
0.004,240,1200,0.003,0.025,0.0,0.002,597.690088
0.004,180,900,0.003,0.05,0.02,0.002,844.464079
0.003,240,1000,0.003,0.0,0.0,0.0015,487.434894
0.005,200,900,0.004,0.025,0.02,0.0,1212.371147
0.005,180,1200,0.003,0.05,0.025,0.0025,742.161167
0.003,240,1200,0.0035,0.0,0.025,0.0015,936.541991
0.005,180,900,0.004,0.025,0.025,0.0025,707.750675
0.005,240,1000,0.004,0.025,0.015,0.0,693.187159
0.004,240,900,0.0035,0.025,0.015,0.0,762.709187
0.003,180,900,0.004,0.025,0.0,0.0,564.418103
0.004,240,1200,0.004,0.05,0.015,0.0,602.643087
0.004,200,1200,0.003,0.025,0.02,0.002,1500.0
0.004,200,900,0.004,0.0,0.04,0.002,555.038295
0.003,180,1000,0.003,0.0,0.04,0.003,1081.459448
0.005,240,1000,0.003,0.025,0.02,0.0025,1297.281468
0.003,200,1200,0.003,0.025,0.025,0.0,570.877244
0.003,240,900,0.0035,0.0,0.04,0.0015,555.871978
0.003,200,1000,0.004,0.025,0.04,0.003,507.272843
0.005,180,900,0.003,0.05,0.04,0.0,609.926935
0.003,180,1200,0.004,0.05,0.015,0.0,623.922525
0.004,180,1000,0.004,0.025,0.0,0.0,577.610807
0.003,200,1200,0.0035,0.0,0.0,0.0015,596.885163
0.004,200,1000,0.0035,0.05,0.015,0.0,827.331678
0.003,200,1200,0.004,0.0,0.02,0.0015,1500.0
0.004,180,900,0.003,0.0,0.02,0.002,1426.17325
0.003,180,1200,0.0035,0.025,0.025,0.0,1500.0
0.003,240,1200,0.003,0.0,0.0,0.0,499.299315
0.005,240,1200,0.004,0.025,0.025,0.0,734.019687
0.004,240,900,0.004,0.05,0.0,0.0,498.87841
0.004,180,900,0.004,0.0,0.02,0.004,801.237892
0.004,240,1200,0.004,0.025,0.025,0.004,768.74378
0.004,180,1200,0.004,0.0,0.025,0.0,886.350958
0.004,200,1000,0.0035,0.025,0.02,0.004,740.031445
0.005,180,900,0.004,0.0,0.04,0.0,548.92398
0.003,240,1200,0.003,0.05,0.04,0.003,575.23312
0.003,200,1000,0.0035,0.0,0.025,0.003,541.294079
0.003,200,1000,0.003,0.0,0.02,0.0,710.075629
0.004,200,1200,0.003,0.025,0.015,0.004,940.358231
0.004,180,1200,0.003,0.0,0.0,0.002,558.781793
0.003,200,900,0.003,0.0,0.04,0.003,565.265454
0.003,180,1000,0.004,0.025,0.04,0.0015,747.23337
0.005,240,1000,0.004,0.05,0.04,0.0,510.794006
0.005,180,1200,0.004,0.025,0.02,0.005,1087.235338
0.003,200,1200,0.0035,0.025,0.04,0.0,593.004778
0.004,200,1000,0.0035,0.05,0.04,0.002,573.330811
0.005,200,1200,0.003,0.05,0.025,0.0,724.185723
0.004,180,900,0.0035,0.05,0.02,0.0,743.798778
0.003,180,1200,0.0035,0.0,0.0,0.0,595.902026
0.004,180,900,0.004,0.0,0.02,0.0,807.244161
0.004,200,900,0.004,0.025,0.015,0.002,575.119886
0.004,240,900,0.004,0.0,0.015,0.002,542.937243
0.005,240,1000,0.0035,0.025,0.02,0.005,1057.492276
0.004,240,1000,0.0035,0.05,0.04,0.002,544.875297
0.004,240,1200,0.004,0.05,0.04,0.002,533.481099
0.003,200,1200,0.003,0.0,0.015,0.0,1344.015119
0.004,200,900,0.0035,0.05,0.015,0.002,786.96695
0.004,240,900,0.0035,0.0,0.015,0.0,598.439911
0.005,200,1000,0.003,0.025,0.04,0.0,614.029297
0.005,200,1000,0.0035,0.0,0.0,0.005,559.433835
0.003,240,900,0.0035,0.05,0.015,0.003,601.656583
0.004,200,1200,0.004,0.025,0.04,0.002,562.42188
0.005,200,1000,0.003,0.05,0.02,0.0,948.308682
0.004,240,1200,0.004,0.025,0.02,0.002,1328.913115
0.004,200,1000,0.004,0.025,0.02,0.0,724.959624
0.004,200,1200,0.003,0.05,0.025,0.0,739.685111
0.005,200,1200,0.003,0.025,0.04,0.005,631.164643
0.005,180,900,0.0035,0.025,0.025,0.0025,766.547537
0.003,240,1000,0.003,0.0,0.025,0.003,684.161995
0.003,240,1000,0.004,0.0,0.015,0.0015,809.533855
0.004,200,1000,0.004,0.025,0.015,0.004,592.092261
0.005,200,1200,0.004,0.05,0.025,0.0,601.731705
0.003,240,1000,0.0035,0.0,0.015,0.0,895.420102
0.003,200,1200,0.003,0.05,0.04,0.0015,592.78199
0.004,240,1000,0.0035,0.0,0.025,0.0,620.872037
0.003,180,1200,0.004,0.025,0.025,0.0015,811.654635
0.005,180,1200,0.0035,0.05,0.0,0.0,609.119425
0.005,240,1200,0.004,0.05,0.0,0.0,530.3333
0.004,180,900,0.003,0.025,0.025,0.0,603.185969
0.003,180,1000,0.003,0.025,0.02,0.0015,587.636054
0.004,200,1200,0.003,0.025,0.02,0.004,1500.0
0.004,200,900,0.003,0.025,0.0,0.0,586.912959
0.004,180,1000,0.0035,0.0,0.015,0.002,915.845321
0.003,240,900,0.0035,0.025,0.0,0.0,549.124128
0.004,180,1200,0.003,0.05,0.015,0.002,764.403034
0.005,240,900,0.003,0.0,0.025,0.0025,639.001187
0.004,240,900,0.003,0.025,0.015,0.002,859.059653
0.003,240,1200,0.0035,0.05,0.04,0.0,544.295863
0.004,240,1200,0.003,0.025,0.015,0.004,926.318297
0.005,240,1200,0.003,0.025,0.04,0.0,600.74053
0.003,240,1200,0.004,0.05,0.015,0.0015,607.59434
0.004,180,900,0.003,0.05,0.025,0.002,695.034046
0.004,240,1000,0.004,0.025,0.015,0.004,717.706294
0.003,180,1000,0.0035,0.025,0.02,0.0,843.036597
0.005,180,900,0.0035,0.0,0.02,0.005,663.062367
0.005,240,1200,0.004,0.025,0.015,0.0025,727.25606
0.003,200,1000,0.004,0.025,0.02,0.0015,507.835552
0.004,200,900,0.003,0.0,0.02,0.002,634.054257
0.003,180,900,0.004,0.0,0.02,0.0,508.262731
0.004,240,900,0.004,0.05,0.025,0.0,541.756061
0.004,200,1200,0.0035,0.05,0.04,0.0,574.888132
0.004,180,900,0.003,0.05,0.025,0.004,694.521894
0.004,200,900,0.0035,0.025,0.02,0.004,685.163916
0.003,200,1000,0.004,0.0,0.02,0.0,542.096705
0.005,200,1200,0.004,0.05,0.04,0.0,552.452363
0.004,200,900,0.0035,0.0,0.02,0.0,685.914601
0.003,180,1000,0.003,0.025,0.025,0.0,924.361484
0.004,240,1200,0.0035,0.0,0.02,0.0,1039.273824
0.004,240,1200,0.0035,0.05,0.025,0.002,659.856141
0.005,200,1200,0.003,0.025,0.04,0.0,631.164643
0.005,180,1000,0.003,0.05,0.04,0.0025,621.544084
0.003,240,1200,0.0035,0.0,0.025,0.0,938.592441
0.005,200,1000,0.004,0.0,0.0,0.005,541.783972
0.005,200,1000,0.004,0.0,0.04,0.005,542.407737
0.005,200,1200,0.003,0.025,0.02,0.0,1500.0
0.003,180,1000,0.004,0.025,0.0,0.003,519.826174
0.005,240,900,0.004,0.025,0.015,0.005,665.491786
0.004,240,1000,0.003,0.05,0.04,0.002,581.957582
0.005,180,1200,0.004,0.05,0.02,0.0,702.411873
0.003,180,1200,0.004,0.0,0.02,0.0,623.669192
0.004,200,1000,0.0035,0.0,0.04,0.002,589.109929
0.003,180,1000,0.0035,0.025,0.0,0.0,544.540078
0.003,200,1200,0.004,0.05,0.04,0.003,529.370319
0.003,200,1000,0.003,0.025,0.0,0.0015,568.633903
0.003,240,1000,0.0035,0.05,0.0,0.0015,522.197046
0.005,240,1200,0.004,0.025,0.015,0.0,738.090294
0.003,180,900,0.003,0.0,0.025,0.0015,684.537599
0.004,200,1200,0.0035,0.025,0.02,0.002,1485.683847
0.004,180,1200,0.004,0.025,0.04,0.004,561.136605
0.003,200,1200,0.003,0.0,0.04,0.0015,522.050567
0.004,200,900,0.004,0.0,0.02,0.002,685.163916
0.004,200,1200,0.0035,0.025,0.04,0.0,581.372055
0.005,200,1200,0.004,0.025,0.04,0.0025,575.934839
0.004,180,1000,0.0035,0.025,0.0,0.0,605.245981
0.005,240,900,0.004,0.025,0.0,0.005,516.620938
0.005,180,1000,0.004,0.025,0.0,0.0025,581.356187
0.003,240,1000,0.004,0.0,0.04,0.003,533.0633
0.004,180,1200,0.003,0.05,0.015,0.004,763.717829
0.004,200,1000,0.003,0.025,0.02,0.0,1058.090201
0.004,240,900,0.003,0.05,0.02,0.002,877.604291
0.005,200,1000,0.003,0.0,0.025,0.0025,683.003697
0.003,180,1000,0.003,0.05,0.015,0.003,586.346572
0.003,180,900,0.004,0.025,0.04,0.003,1189.630036
0.003,180,1000,0.004,0.025,0.04,0.0,747.508976
0.005,200,900,0.004,0.0,0.0,0.0025,535.830561
0.005,180,1200,0.0035,0.025,0.015,0.0,874.85038
0.004,200,1200,0.003,0.025,0.02,0.0,1500.0
0.004,200,1200,0.003,0.0,0.025,0.004,739.027165
0.004,200,1200,0.0035,0.0,0.0,0.002,574.213831
0.005,180,1200,0.003,0.025,0.015,0.0,960.72177
0.005,180,1200,0.0035,0.05,0.025,0.0,678.700847
0.004,200,1200,0.004,0.05,0.015,0.002,623.92191
0.005,200,1200,0.0035,0.025,0.0,0.0025,605.158466
0.003,200,1000,0.0035,0.025,0.02,0.0015,541.915585
0.005,180,1200,0.0035,0.025,0.025,0.005,845.069268
0.003,200,1000,0.003,0.0,0.04,0.003,704.117021
0.005,200,900,0.0035,0.025,0.015,0.0,761.311694
0.003,240,900,0.0035,0.025,0.025,0.0,669.911524
0.004,200,900,0.0035,0.05,0.0,0.004,563.975099
0.005,200,1200,0.003,0.0,0.02,0.0,1212.631677
0.003,180,1000,0.004,0.05,0.025,0.0,720.760037
0.005,180,1000,0.003,0.025,0.015,0.0,910.16229
0.005,180,1000,0.0035,0.0,0.015,0.0025,649.748301
0.003,180,1200,0.003,0.025,0.02,0.0015,967.625002
0.005,240,1200,0.0035,0.025,0.015,0.0025,794.88784
0.003,200,1000,0.003,0.05,0.0,0.0015,576.369218
0.003,200,1000,0.0035,0.05,0.02,0.0015,552.659626
0.005,200,1200,0.0035,0.025,0.025,0.0025,824.469195
0.004,180,1000,0.003,0.0,0.015,0.004,735.474156
0.003,240,900,0.003,0.025,0.015,0.0,622.140504
0.004,200,1200,0.004,0.05,0.02,0.0,781.911287
0.004,180,1200,0.0035,0.0,0.04,0.002,617.953436
0.004,200,900,0.0035,0.0,0.0,0.002,686.525352
0.004,180,1200,0.004,0.0,0.02,0.0,1500.0
0.004,200,1200,0.003,0.025,0.04,0.0,607.230609
0.005,240,1200,0.004,0.0,0.015,0.0025,584.160527
0.005,180,900,0.003,0.0,0.025,0.0025,685.771254
0.003,240,1200,0.003,0.05,0.0,0.0015,574.581301
0.003,240,1000,0.004,0.0,0.02,0.0,1500.0
0.005,180,900,0.0035,0.0,0.04,0.0025,571.865465
0.003,180,1000,0.0035,0.05,0.02,0.0,646.18065
0.004,180,900,0.004,0.05,0.015,0.0,675.567303
0.003,200,1000,0.0035,0.025,0.015,0.003,633.685039
0.005,200,900,0.003,0.05,0.02,0.0,866.118729
0.004,180,900,0.004,0.0,0.015,0.004,1249.940223
0.004,180,900,0.004,0.0,0.025,0.004,572.364806
0.003,200,900,0.0035,0.0,0.025,0.0,608.900179
0.003,200,1000,0.003,0.05,0.0,0.0,576.369218
0.005,240,1000,0.004,0.025,0.025,0.0,688.72658
0.004,200,1000,0.0035,0.025,0.04,0.0,565.90185
0.005,240,1000,0.004,0.0,0.02,0.005,569.274637
0.004,240,900,0.003,0.0,0.0,0.004,570.423436
0.004,240,1000,0.003,0.0,0.02,0.0,1103.029779
0.004,180,900,0.003,0.05,0.015,0.004,695.52198
0.005,200,1000,0.0035,0.025,0.0,0.0025,582.384926
0.005,240,1200,0.004,0.05,0.04,0.0025,530.609318
0.004,240,1200,0.004,0.05,0.0,0.002,532.880855
0.005,180,900,0.004,0.025,0.0,0.0025,573.936456
0.005,180,1000,0.004,0.0,0.04,0.005,553.245608
0.004,200,1200,0.0035,0.0,0.02,0.002,890.887269
0.004,180,1000,0.0035,0.0,0.02,0.004,1458.844381
0.003,200,1200,0.004,0.0,0.02,0.003,1500.0
0.004,200,1000,0.003,0.025,0.025,0.004,702.947704
0.004,180,1000,0.003,0.0,0.025,0.0,737.174401
0.003,200,900,0.004,0.0,0.015,0.003,558.966536
0.003,240,1200,0.003,0.05,0.015,0.0,752.995116
0.005,240,1000,0.003,0.0,0.015,0.0025,669.194358
0.005,180,1200,0.0035,0.0,0.015,0.0,679.414576
0.003,200,1200,0.004,0.05,0.02,0.0,883.677305
0.005,240,1000,0.0035,0.05,0.02,0.0025,668.02567
0.004,200,900,0.004,0.0,0.015,0.0,625.543481
0.004,240,900,0.003,0.0,0.04,0.002,571.397166
0.003,200,1000,0.004,0.05,0.025,0.0015,507.835552
0.005,180,1200,0.004,0.0,0.015,0.0025,631.979915
0.004,240,900,0.004,0.05,0.02,0.002,614.445382
0.003,240,1200,0.0035,0.05,0.0,0.003,543.688431
0.005,180,1000,0.0035,0.0,0.025,0.005,647.024169
0.003,200,1000,0.0035,0.025,0.0,0.0015,871.84017
0.005,200,900,0.0035,0.025,0.02,0.0,1392.659116
0.003,180,1000,0.003,0.025,0.0,0.0,715.167698
0.003,240,1200,0.003,0.0,0.02,0.003,1238.824951
0.005,200,1200,0.004,0.025,0.015,0.0,769.396581
0.003,180,900,0.0035,0.025,0.0,0.0015,539.620572
0.005,180,900,0.004,0.025,0.04,0.0025,574.072556
0.003,200,900,0.0035,0.0,0.02,0.0,828.38627
0.004,200,1200,0.004,0.05,0.0,0.0,552.53734
0.004,200,1000,0.0035,0.0,0.04,0.0,589.439173
0.005,240,1200,0.004,0.025,0.0,0.0025,545.486137
0.003,200,1000,0.003,0.025,0.015,0.0,577.810499
0.004,180,900,0.004,0.0,0.025,0.002,572.67232
0.004,200,1200,0.004,0.0,0.04,0.004,552.889769
0.004,200,1200,0.003,0.0,0.04,0.002,608.110397
0.003,180,1200,0.0035,0.025,0.04,0.003,884.071049
0.005,240,1000,0.0035,0.05,0.025,0.0,594.630115
0.003,200,900,0.0035,0.0,0.015,0.0,619.329531
0.005,180,1200,0.0035,0.0,0.04,0.005,609.474745
0.004,240,1000,0.004,0.05,0.02,0.002,661.083447
0.003,180,1000,0.004,0.0,0.04,0.003,582.90701
0.004,200,1000,0.004,0.05,0.0,0.002,548.218776
0.004,240,1200,0.004,0.025,0.0,0.0,546.27324
0.004,200,900,0.003,0.05,0.025,0.004,591.831024
0.004,180,900,0.0035,0.0,0.025,0.002,889.675041
0.003,240,1000,0.004,0.05,0.0,0.0015,484.349749
0.004,200,900,0.004,0.025,0.04,0.0,526.646343
0.004,180,1000,0.0035,0.05,0.0,0.004,569.51553
0.004,180,1200,0.004,0.0,0.015,0.002,881.607319
0.004,200,1000,0.0035,0.0,0.0,0.0,588.737836
0.003,200,900,0.003,0.025,0.025,0.0015,883.209201
0.003,200,900,0.0035,0.025,0.02,0.003,1378.624377
0.003,180,900,0.0035,0.05,0.0,0.003,553.711115
0.005,200,1000,0.0035,0.025,0.02,0.0,1499.250561
0.003,180,1000,0.0035,0.025,0.04,0.003,836.902511
0.004,200,1000,0.004,0.025,0.025,0.0,590.94542
0.005,180,1200,0.004,0.05,0.025,0.0025,629.683943
0.005,180,900,0.003,0.05,0.0,0.0025,608.718474
0.005,180,1200,0.0035,0.0,0.015,0.0025,679.970786
0.005,240,900,0.004,0.0,0.02,0.0025,545.917339
0.003,240,900,0.003,0.05,0.02,0.003,1040.124129
0.003,240,1000,0.003,0.05,0.0,0.0015,560.462685
0.004,240,1200,0.004,0.0,0.025,0.002,601.265235
0.003,240,1200,0.004,0.05,0.02,0.0,920.949837
0.005,180,1200,0.0035,0.025,0.025,0.0,866.256279
0.005,240,1200,0.0035,0.025,0.025,0.0025,790.182977
0.003,180,1000,0.004,0.0,0.0,0.0,544.723138
0.004,200,1200,0.0035,0.025,0.0,0.002,583.171457
0.004,180,1000,0.003,0.025,0.02,0.002,620.662341
0.004,240,900,0.0035,0.025,0.0,0.002,544.329107
0.004,240,900,0.003,0.025,0.025,0.0,860.385014
0.003,200,1200,0.004,0.05,0.025,0.003,612.339131
0.004,180,1000,0.003,0.05,0.025,0.0,713.980952
0.003,240,900,0.003,0.0,0.02,0.003,1446.600346
0.005,200,1000,0.0035,0.0,0.0,0.0025,559.78395
0.005,240,1200,0.003,0.025,0.015,0.005,871.625958
0.005,180,900,0.0035,0.05,0.025,0.0025,626.34037
0.005,180,900,0.0035,0.025,0.02,0.0,1418.966982
0.004,240,1000,0.004,0.05,0.015,0.0,563.384443
0.005,180,900,0.004,0.05,0.015,0.0025,594.113863
0.003,240,1000,0.003,0.05,0.04,0.0,561.091381
0.004,240,1200,0.0035,0.0,0.04,0.004,566.362882
0.005,200,900,0.003,0.025,0.04,0.005,602.709454
0.003,240,1000,0.004,0.05,0.025,0.003,557.486293
0.004,240,1200,0.0035,0.025,0.015,0.004,851.22453
0.003,240,1200,0.0035,0.05,0.02,0.0,1117.328806
0.005,200,1200,0.0035,0.0,0.0,0.0025,586.780222
0.005,240,1000,0.004,0.0,0.015,0.0025,550.356885
0.003,200,1200,0.0035,0.0,0.0,0.0,596.885163
0.003,180,1200,0.003,0.05,0.02,0.0,770.095933
0.003,180,1000,0.004,0.025,0.02,0.003,753.934363
0.005,200,1000,0.004,0.05,0.015,0.0025,586.957496
0.004,240,1200,0.0035,0.0,0.015,0.0,661.136917
0.003,200,1200,0.003,0.0,0.025,0.0,522.050567
0.004,240,1000,0.003,0.05,0.02,0.002,958.432831
0.004,180,900,0.004,0.05,0.04,0.002,546.093326
0.005,200,1200,0.003,0.05,0.015,0.0025,724.765361
0.003,200,1200,0.004,0.0,0.0,0.003,563.702121
0.005,240,1200,0.004,0.0,0.0,0.0025,530.3333
0.003,180,1200,0.004,0.0,0.015,0.003,530.506991
0.005,200,1200,0.003,0.0,0.04,0.005,622.894609
0.003,240,900,0.003,0.05,0.025,0.0015,669.602006
0.003,240,1200,0.0035,0.05,0.02,0.0015,1071.369122
0.004,180,1200,0.0035,0.05,0.0,0.004,591.588461
0.005,180,1000,0.003,0.05,0.04,0.0,621.995369
0.003,180,1000,0.004,0.025,0.02,0.0015,753.934363
0.003,180,1000,0.003,0.05,0.0,0.003,919.570341
0.003,200,1200,0.004,0.0,0.015,0.0,875.162052
0.004,180,900,0.0035,0.05,0.02,0.002,688.355219
0.005,180,900,0.003,0.025,0.04,0.005,626.084993
0.005,200,1200,0.0035,0.05,0.015,0.0,659.971069
0.003,200,1200,0.0035,0.0,0.0,0.003,596.885163
0.003,240,1200,0.004,0.0,0.0,0.0015,551.654329
0.005,200,1000,0.0035,0.025,0.015,0.0,789.313254
0.005,200,900,0.004,0.0,0.015,0.0,575.53333
0.003,180,1000,0.003,0.05,0.02,0.0,576.584715
0.005,240,1200,0.003,0.05,0.0,0.0,595.886453
0.005,180,900,0.003,0.0,0.0,0.005,608.718474
0.005,200,900,0.004,0.0,0.0,0.005,535.512861
0.004,240,900,0.003,0.0,0.015,0.002,667.339233
0.004,180,1200,0.003,0.0,0.0,0.004,558.49116
0.004,180,900,0.003,0.05,0.0,0.002,592.963
0.005,180,1000,0.004,0.0,0.015,0.005,599.733248
0.005,180,1000,0.004,0.0,0.0,0.0025,552.918766
0.004,200,900,0.0035,0.0,0.015,0.0,915.038575
0.003,200,1000,0.003,0.05,0.0,0.003,576.369218
0.003,180,900,0.0035,0.0,0.02,0.003,631.198709
0.004,240,900,0.0035,0.025,0.025,0.004,755.723862
0.003,240,1200,0.004,0.0,0.02,0.0015,1500.0
0.003,240,1200,0.003,0.025,0.025,0.0,557.679574
0.005,180,900,0.003,0.025,0.0,0.0025,627.22951
0.004,180,1200,0.003,0.025,0.04,0.0,550.964777
0.005,180,1000,0.003,0.05,0.02,0.0025,772.447284
0.003,240,900,0.004,0.025,0.0,0.0,507.51695
0.003,200,1000,0.003,0.025,0.02,0.0,912.760836
0.003,180,900,0.003,0.0,0.025,0.0,684.537701
0.005,200,1200,0.0035,0.05,0.0,0.0,586.780222
0.003,200,1000,0.0035,0.0,0.04,0.0015,643.503555
0.004,180,1000,0.0035,0.05,0.025,0.004,724.005582
0.004,200,1200,0.003,0.05,0.015,0.002,741.074671
0.005,180,1200,0.004,0.05,0.04,0.0025,580.237337
0.004,200,1200,0.0035,0.0,0.0,0.004,573.904389
0.003,180,1200,0.0035,0.025,0.02,0.0015,887.507928
0.005,180,900,0.0035,0.025,0.04,0.0025,596.005417
0.003,180,1000,0.0035,0.025,0.04,0.0,837.830164
0.004,240,1200,0.004,0.025,0.025,0.0,772.249021
0.003,200,900,0.0035,0.0,0.015,0.0015,619.329519
0.003,240,1200,0.0035,0.0,0.0,0.0015,577.653934
0.003,240,1200,0.003,0.025,0.015,0.0,563.83543
0.004,240,1000,0.004,0.05,0.015,0.002,563.088022
0.004,240,1000,0.0035,0.025,0.02,0.0,1500.0
0.005,180,1000,0.0035,0.025,0.0,0.0025,609.720014
0.003,200,1000,0.003,0.025,0.0,0.003,568.633903
0.004,180,900,0.004,0.05,0.015,0.004,620.662341
0.003,180,1000,0.0035,0.0,0.025,0.003,854.620372
0.003,200,1200,0.004,0.0,0.0,0.0015,563.702121
0.003,180,1200,0.0035,0.05,0.0,0.0015,575.396718
0.003,240,1200,0.003,0.0,0.015,0.0,713.83771
0.005,200,1200,0.003,0.05,0.0,0.0,622.560645
0.005,200,1200,0.0035,0.05,0.02,0.0025,722.695583
0.004,180,900,0.0035,0.025,0.04,0.0,593.670911
0.003,200,900,0.004,0.025,0.015,0.003,708.476831
0.005,180,900,0.004,0.0,0.025,0.0025,587.14811
0.004,180,900,0.004,0.05,0.025,0.002,598.317148
0.004,240,1000,0.0035,0.025,0.04,0.004,554.734922
0.004,180,900,0.0035,0.0,0.015,0.0,893.184246
0.005,200,1200,0.003,0.0,0.015,0.005,724.765361
0.003,180,1200,0.003,0.025,0.0,0.0,595.676586
0.004,200,900,0.004,0.05,0.04,0.0,536.771338
0.005,180,1200,0.0035,0.025,0.04,0.0,626.672391
0.003,240,900,0.0035,0.05,0.025,0.003,595.091605
0.005,180,900,0.003,0.05,0.04,0.0025,609.497432
0.003,240,1200,0.0035,0.025,0.04,0.0,575.440513
0.005,200,1000,0.0035,0.05,0.0,0.0025,559.433835
0.004,240,900,0.003,0.0,0.025,0.004,665.624145
0.003,180,1200,0.003,0.0,0.025,0.0015,1272.111882
0.005,180,900,0.0035,0.05,0.02,0.0025,663.062367
0.005,180,900,0.003,0.025,0.0,0.005,626.768417
0.004,180,1000,0.004,0.0,0.0,0.002,570.487593
0.005,200,1000,0.003,0.025,0.025,0.0025,858.565632
0.005,180,1200,0.0035,0.05,0.04,0.0,609.904208
0.003,180,900,0.0035,0.0,0.025,0.0,806.115713
0.005,180,1200,0.003,0.025,0.04,0.0025,649.49116
0.005,240,1200,0.004,0.05,0.04,0.0,530.920762
0.005,240,1200,0.0035,0.025,0.0,0.005,573.07479
0.004,200,1000,0.0035,0.0,0.025,0.002,702.947704
0.005,180,1000,0.0035,0.0,0.04,0.0,587.524765
0.003,240,900,0.004,0.0,0.0,0.003,521.103128
0.003,180,1000,0.004,0.0,0.015,0.003,519.23469
0.003,200,900,0.004,0.0,0.02,0.003,680.827981
0.004,240,1000,0.0035,0.0,0.0,0.004,544.256148
0.004,180,1000,0.004,0.025,0.025,0.0,786.053979
0.004,240,1000,0.0035,0.05,0.015,0.0,622.590882
0.005,240,900,0.0035,0.0,0.015,0.0025,582.505224
0.004,240,1000,0.003,0.0,0.02,0.004,958.432831
0.004,200,1200,0.004,0.025,0.02,0.002,1360.003819
0.005,180,1000,0.004,0.05,0.025,0.0025,595.918941
0.005,180,1200,0.003,0.0,0.015,0.0025,743.667373
0.004,200,900,0.003,0.05,0.04,0.002,586.912959
0.005,200,1000,0.004,0.025,0.04,0.005,562.272244
0.003,200,1200,0.003,0.05,0.015,0.003,764.634629
0.005,200,1000,0.0035,0.025,0.02,0.0025,1162.46019
0.005,240,900,0.0035,0.025,0.04,0.0,542.488623
0.003,200,1000,0.0035,0.05,0.015,0.0,828.539987
0.004,240,1000,0.0035,0.0,0.025,0.002,621.246467
0.003,200,1000,0.003,0.0,0.025,0.0015,1099.224956
0.003,240,1200,0.0035,0.025,0.02,0.0,1360.437223
0.005,240,1200,0.003,0.05,0.04,0.0,596.595955
0.005,180,1000,0.004,0.025,0.04,0.005,581.184141
0.003,180,900,0.003,0.05,0.0,0.0,578.489489
0.005,240,1000,0.004,0.025,0.015,0.005,684.469837
0.005,180,1200,0.0035,0.025,0.025,0.0025,848.884951
0.003,240,1200,0.003,0.0,0.04,0.003,498.334369
0.004,200,900,0.003,0.025,0.0,0.004,586.912959
0.003,200,1200,0.004,0.05,0.025,0.0,612.339133
0.004,180,900,0.004,0.05,0.015,0.002,621.037226
0.004,240,900,0.004,0.0,0.04,0.002,499.418384
0.004,180,1000,0.003,0.05,0.025,0.002,714.518199
0.005,200,1200,0.004,0.05,0.04,0.0025,552.112513
0.005,240,1000,0.003,0.0,0.0,0.0,578.407218
0.004,180,900,0.003,0.0,0.04,0.002,521.217417
0.004,200,1000,0.0035,0.025,0.02,0.002,764.734637
0.004,180,1000,0.003,0.05,0.04,0.004,605.619141
0.005,240,1000,0.0035,0.0,0.015,0.005,603.063991
0.004,240,1000,0.004,0.0,0.025,0.002,562.107608
0.004,200,1000,0.003,0.0,0.025,0.002,573.719713
0.005,240,900,0.0035,0.05,0.0,0.0,529.188963
0.005,180,1200,0.003,0.025,0.02,0.0025,1422.047206
0.005,200,900,0.003,0.0,0.015,0.0,666.471451
0.003,200,1000,0.004,0.05,0.015,0.0,755.344216
0.003,240,1000,0.0035,0.0,0.0,0.0,565.399106
0.004,240,900,0.0035,0.025,0.0,0.0,544.055029
0.004,180,1000,0.004,0.025,0.04,0.002,570.182805
0.005,240,900,0.003,0.0,0.0,0.005,566.457129
0.003,180,1200,0.004,0.0,0.025,0.003,826.027572
0.003,240,900,0.0035,0.0,0.02,0.0,1500.0
0.004,180,1000,0.003,0.05,0.0,0.002,605.245981
0.004,200,900,0.004,0.05,0.04,0.002,537.037433
0.003,180,1000,0.004,0.025,0.025,0.003,1284.005054
0.004,240,1000,0.004,0.025,0.0,0.004,525.234379
0.004,200,900,0.004,0.025,0.0,0.0,526.063836
0.004,240,900,0.0035,0.0,0.025,0.002,597.461712
0.004,200,1000,0.004,0.05,0.0,0.0,547.94034
0.004,240,1000,0.004,0.025,0.0,0.002,525.488307
0.003,240,900,0.004,0.05,0.04,0.0015,471.640517
0.005,180,900,0.0035,0.0,0.015,0.005,629.880368
0.004,180,1000,0.004,0.025,0.015,0.002,569.51553
0.005,240,900,0.003,0.025,0.04,0.0,576.753589
0.005,200,1200,0.003,0.0,0.04,0.0025,623.348407
0.003,240,1200,0.004,0.0,0.04,0.0,550.079325
0.004,180,1000,0.0035,0.025,0.015,0.002,715.521965
0.004,180,1200,0.003,0.05,0.02,0.002,1100.956892
0.004,240,1200,0.0035,0.0,0.025,0.002,660.29955
0.005,240,1000,0.004,0.0,0.04,0.0,510.506947
0.004,180,900,0.0035,0.0,0.0,0.002,598.933715
0.003,200,1200,0.004,0.05,0.0,0.0015,528.76912
0.005,200,900,0.0035,0.025,0.02,0.0025,1090.49308
0.005,180,1200,0.004,0.05,0.015,0.0025,631.509089
0.003,240,1000,0.004,0.0,0.025,0.0015,798.948196
0.003,180,1200,0.004,0.025,0.04,0.0,550.245245
0.004,240,900,0.0035,0.05,0.0,0.0,531.291181
0.003,200,1000,0.003,0.0,0.025,0.003,1099.224956
0.005,240,1200,0.003,0.0,0.0,0.0025,595.886453
0.004,180,900,0.0035,0.025,0.015,0.0,696.03202
0.003,180,1200,0.0035,0.0,0.04,0.0015,683.315128
0.005,240,900,0.003,0.0,0.025,0.0,638.552043
0.004,200,1200,0.004,0.0,0.015,0.002,624.30225
0.005,240,900,0.003,0.0,0.0,0.0025,566.817391
0.003,240,900,0.0035,0.05,0.0,0.0015,507.359516
0.003,180,1000,0.004,0.0,0.04,0.0015,582.90701
0.005,200,900,0.004,0.05,0.02,0.0025,587.25406
0.004,180,1200,0.0035,0.0,0.025,0.0,962.534198
0.004,240,1200,0.004,0.0,0.04,0.004,533.481099
0.003,240,1000,0.003,0.05,0.0,0.0,560.462685
0.005,180,1000,0.0035,0.05,0.025,0.0025,647.024169
0.005,200,1000,0.004,0.025,0.0,0.005,562.569251
0.005,180,1200,0.0035,0.025,0.0,0.005,627.35148
0.003,180,900,0.0035,0.025,0.025,0.003,1395.050507
0.003,240,1000,0.0035,0.0,0.015,0.0015,894.003238
0.003,200,1000,0.004,0.05,0.015,0.003,730.218683
0.004,180,1200,0.004,0.0,0.04,0.002,594.181846
0.005,200,900,0.0035,0.05,0.025,0.0025,606.808364
0.005,240,900,0.0035,0.0,0.025,0.0025,574.419692
0.005,200,1200,0.004,0.025,0.02,0.005,1061.66318
0.005,200,1000,0.004,0.025,0.02,0.0,1300.934336
0.003,180,1200,0.004,0.025,0.0,0.0015,531.128481
0.005,180,1200,0.004,0.0,0.02,0.0,762.235697
0.005,240,1200,0.003,0.0,0.015,0.0025,704.68355
0.004,180,900,0.004,0.025,0.015,0.002,687.823413
0.004,200,1200,0.0035,0.05,0.04,0.002,574.577839
0.003,200,1000,0.0035,0.025,0.04,0.003,831.636272
0.004,180,1200,0.003,0.0,0.025,0.0,762.815274
0.005,200,1200,0.004,0.025,0.015,0.005,754.744761
0.005,180,900,0.004,0.05,0.04,0.0025,548.92398
0.004,240,900,0.0035,0.0,0.025,0.004,597.120788
0.003,240,1000,0.004,0.025,0.015,0.0,627.815883
0.004,240,1000,0.004,0.0,0.04,0.004,510.997574
0.004,200,1000,0.004,0.0,0.015,0.0,646.200019
0.005,200,1000,0.004,0.0,0.015,0.0025,587.349651
0.005,240,900,0.0035,0.05,0.0,0.0025,528.879697
0.004,180,900,0.003,0.0,0.0,0.004,522.349746
0.004,240,900,0.003,0.0,0.02,0.002,908.00728
0.005,240,900,0.0035,0.0,0.0,0.005,528.879697
0.005,240,900,0.004,0.0,0.025,0.005,527.103678
0.004,200,1200,0.0035,0.05,0.02,0.0,949.248071
0.004,240,1200,0.0035,0.025,0.04,0.004,573.208286
0.004,180,1000,0.004,0.05,0.04,0.004,550.683225
0.005,240,900,0.004,0.05,0.015,0.0,533.345158
0.004,180,1000,0.003,0.05,0.025,0.004,713.975922
0.005,200,900,0.003,0.025,0.04,0.0025,603.127176
0.004,240,1000,0.0035,0.0,0.02,0.002,801.235584
0.003,240,1000,0.0035,0.0,0.0,0.0015,565.399106
0.004,200,1200,0.003,0.025,0.025,0.002,944.374255
0.005,180,1200,0.003,0.0,0.025,0.0,742.417255
0.004,240,900,0.004,0.025,0.015,0.004,694.029667
0.004,240,1000,0.003,0.025,0.04,0.004,586.285152
0.005,240,900,0.0035,0.025,0.04,0.005,542.488623
0.005,240,900,0.004,0.05,0.015,0.0025,533.030021
0.005,180,1000,0.004,0.05,0.0,0.0,552.918766
0.005,180,900,0.004,0.05,0.04,0.0,549.259456
0.003,180,1200,0.0035,0.0,0.02,0.0,683.484923
0.005,180,900,0.003,0.05,0.0,0.0,609.146606
0.004,200,900,0.004,0.0,0.0,0.002,554.40346
0.004,180,900,0.0035,0.025,0.025,0.002,694.521894
0.005,180,1200,0.003,0.0,0.04,0.0,640.048491
0.003,240,1200,0.003,0.05,0.02,0.003,1329.646403
0.005,200,1000,0.004,0.025,0.025,0.005,707.595572
0.005,240,900,0.003,0.025,0.04,0.0025,577.129287
0.003,200,900,0.0035,0.025,0.025,0.0,785.043302
0.004,240,900,0.004,0.025,0.0,0.0,514.663544
0.004,240,1000,0.003,0.05,0.04,0.0,582.277352
0.003,180,1200,0.0035,0.05,0.0,0.0,575.396718
0.004,180,1000,0.003,0.025,0.0,0.0,545.480308
0.005,200,900,0.003,0.0,0.02,0.0,919.9236
0.005,240,900,0.003,0.025,0.025,0.0,818.63864
0.005,240,900,0.004,0.05,0.04,0.0025,499.774345
0.005,200,900,0.003,0.025,0.02,0.0025,1263.391694
0.003,180,1200,0.0035,0.05,0.02,0.0,683.811568
0.003,200,900,0.003,0.0,0.025,0.0015,680.413464
0.005,240,1200,0.0035,0.025,0.02,0.0025,1250.718904
0.004,240,1000,0.003,0.05,0.015,0.0,690.266289
0.005,240,1200,0.0035,0.05,0.0,0.0,561.786977
0.004,240,1200,0.003,0.025,0.015,0.002,930.089539
0.005,200,900,0.0035,0.025,0.025,0.0,753.997419
0.003,240,1000,0.003,0.0,0.02,0.003,1145.718714
0.005,200,900,0.003,0.05,0.04,0.0,585.793691
0.005,200,900,0.0035,0.025,0.04,0.0025,576.723173
0.004,200,900,0.003,0.0,0.0,0.0,560.778874
0.005,240,1000,0.003,0.05,0.025,0.0,660.524762
0.005,180,1000,0.003,0.025,0.015,0.005,883.244031
0.004,240,1200,0.0035,0.025,0.02,0.004,1407.059433
0.005,180,1000,0.003,0.0,0.04,0.005,621.544084
0.005,200,1000,0.003,0.0,0.015,0.005,685.118155
0.003,180,1200,0.004,0.025,0.0,0.0,531.128481
0.004,180,1200,0.0035,0.05,0.015,0.0,686.458518
0.005,180,1200,0.0035,0.025,0.04,0.005,626.672391
0.004,240,1200,0.004,0.0,0.0,0.004,532.880855
0.003,200,900,0.004,0.025,0.02,0.003,1173.186053
0.004,200,1000,0.003,0.0,0.02,0.002,596.991277
0.003,180,1000,0.004,0.025,0.025,0.0,1360.847109
0.003,180,900,0.0035,0.025,0.015,0.0,554.744216
0.004,200,900,0.0035,0.05,0.04,0.004,562.514582
0.004,180,1000,0.003,0.0,0.025,0.004,734.011274
0.003,240,900,0.004,0.05,0.04,0.003,471.640517
0.005,200,1200,0.0035,0.025,0.02,0.0025,1277.630744
0.005,240,1000,0.003,0.025,0.04,0.0025,587.259254
0.003,180,1200,0.004,0.025,0.025,0.0,812.094389
0.004,180,1200,0.003,0.025,0.015,0.002,611.804934
0.003,240,900,0.003,0.05,0.02,0.0,1079.740644
0.003,180,1200,0.004,0.025,0.04,0.0015,550.245245
0.005,180,1000,0.0035,0.0,0.04,0.005,587.524765
0.003,240,1000,0.0035,0.05,0.02,0.003,907.901916
0.005,200,1000,0.003,0.025,0.025,0.0,879.281383
0.004,180,1000,0.003,0.0,0.04,0.002,552.397624
0.005,200,1000,0.0035,0.05,0.02,0.0025,668.863808
0.004,200,1000,0.0035,0.05,0.025,0.004,819.224368
0.003,180,900,0.0035,0.025,0.025,0.0,1476.379644
0.005,180,1000,0.003,0.0,0.02,0.005,772.447284
0.004,200,1000,0.004,0.0,0.025,0.0,645.006819
0.003,180,1000,0.003,0.0,0.025,0.003,714.997453
0.005,180,900,0.003,0.025,0.04,0.0,626.084993
0.004,180,900,0.003,0.0,0.025,0.002,775.389651
0.005,200,1000,0.003,0.05,0.025,0.0,683.032879
0.004,240,1200,0.0035,0.025,0.02,0.0,1500.0
0.003,240,1200,0.004,0.0,0.025,0.003,854.624875
0.004,240,1200,0.004,0.0,0.02,0.002,776.883096
0.005,240,1200,0.0035,0.0,0.02,0.0025,769.056518
0.005,240,1000,0.004,0.0,0.0,0.0,509.956903
0.004,240,1000,0.0035,0.05,0.04,0.0,545.150286
0.003,200,900,0.004,0.0,0.04,0.0015,495.367851
0.003,240,1000,0.004,0.05,0.025,0.0,557.486318
0.004,240,1000,0.004,0.025,0.04,0.0,524.214727
0.004,180,1000,0.0035,0.025,0.04,0.0,605.971388
0.003,200,900,0.003,0.0,0.015,0.0,689.685327
0.003,240,1000,0.003,0.025,0.025,0.0,532.392334
0.005,200,900,0.004,0.0,0.02,0.0,672.369798
0.004,200,900,0.003,0.05,0.015,0.002,1469.246338
0.004,240,1000,0.003,0.025,0.025,0.0,889.749721
0.003,240,900,0.004,0.0,0.04,0.003,519.928119
0.004,180,1000,0.0035,0.05,0.02,0.004,654.218365
0.003,180,1200,0.004,0.025,0.04,0.003,550.245245
0.004,180,1200,0.004,0.05,0.015,0.002,812.675767
0.004,240,900,0.0035,0.0,0.04,0.004,531.626124
0.004,200,1000,0.003,0.05,0.015,0.002,901.518654
0.004,180,1000,0.003,0.0,0.02,0.0,1273.975081
0.004,240,900,0.004,0.0,0.0,0.0,498.65044
0.004,240,900,0.004,0.025,0.02,0.002,1089.051229
0.004,200,900,0.003,0.05,0.025,0.002,592.163955
0.004,200,900,0.0035,0.0,0.015,0.002,837.823875
0.004,240,1000,0.003,0.05,0.025,0.002,688.499404
0.004,200,900,0.0035,0.0,0.04,0.0,587.936933
0.005,200,1000,0.0035,0.025,0.025,0.0,783.749456
0.005,180,1000,0.004,0.025,0.02,0.0025,1040.045907
0.003,200,1000,0.003,0.025,0.04,0.003,906.633815
0.003,240,900,0.004,0.05,0.0,0.003,471.142303
0.003,240,900,0.003,0.0,0.0,0.0,543.13917
0.005,180,1000,0.004,0.025,0.015,0.005,732.63362
0.004,200,900,0.004,0.025,0.025,0.004,573.719713
0.003,200,1000,0.003,0.0,0.025,0.0,1145.803571
0.004,200,1000,0.0035,0.05,0.0,0.002,574.85492
0.005,200,900,0.0035,0.025,0.04,0.005,576.3481
0.004,180,900,0.004,0.0,0.04,0.002,566.413199
0.004,180,900,0.0035,0.0,0.04,0.002,597.29423
0.004,180,1000,0.0035,0.05,0.015,0.002,569.81949
0.005,200,1000,0.004,0.0,0.02,0.0025,604.182452
0.003,200,1200,0.004,0.05,0.015,0.003,621.889025
0.005,180,1200,0.003,0.05,0.0,0.0025,639.216449
0.003,180,900,0.004,0.05,0.0,0.0015,715.95465
0.005,240,900,0.004,0.05,0.0,0.0,499.516492
0.003,240,1000,0.0035,0.05,0.025,0.0,621.726018
0.005,180,1200,0.003,0.05,0.04,0.0025,640.048491
0.005,200,900,0.004,0.0,0.0,0.0,535.512861
0.003,240,1000,0.0035,0.05,0.0,0.0,522.197046
0.004,240,900,0.0035,0.025,0.02,0.0,1405.25665
0.003,200,900,0.003,0.025,0.0,0.0,573.018067
0.004,180,1000,0.0035,0.05,0.015,0.0,569.51553
0.005,240,900,0.0035,0.025,0.04,0.0025,542.81545
0.005,180,1000,0.004,0.0,0.02,0.0025,623.106311
0.005,200,1200,0.004,0.025,0.0,0.005,575.758828
0.003,240,1000,0.0035,0.0,0.025,0.003,891.449656
0.005,240,1000,0.003,0.05,0.02,0.0,996.923839
0.005,240,1200,0.003,0.0,0.0,0.0,595.480911
0.004,240,1000,0.004,0.0,0.02,0.0,742.106217
0.005,240,1000,0.004,0.05,0.025,0.0,543.463566
0.003,240,1000,0.0035,0.05,0.04,0.0,522.778041
0.005,240,900,0.004,0.05,0.02,0.0,647.99106
0.005,180,1200,0.003,0.0,0.0,0.0025,639.701821
0.005,200,1200,0.004,0.025,0.015,0.0025,757.32976
0.005,180,900,0.0035,0.0,0.025,0.005,626.34037
0.004,200,900,0.0035,0.025,0.025,0.004,623.932306
0.005,200,1000,0.003,0.0,0.02,0.005,768.692969
0.005,200,1200,0.003,0.025,0.0,0.005,632.332052
0.003,180,1000,0.004,0.0,0.02,0.0015,593.363592
0.003,180,1200,0.0035,0.0,0.025,0.0015,1010.968447
0.004,240,1200,0.0035,0.0,0.015,0.002,661.580597
0.005,180,1200,0.003,0.025,0.02,0.0,1500.0
0.003,240,900,0.003,0.05,0.025,0.003,669.602006
0.003,240,900,0.004,0.0,0.0,0.0,521.103128
0.004,200,900,0.0035,0.05,0.0,0.002,564.272287
0.005,180,1200,0.0035,0.025,0.02,0.005,1219.133298
0.003,240,1000,0.004,0.0,0.015,0.0,810.118427
0.005,240,1200,0.003,0.0,0.02,0.005,907.102659
0.004,200,900,0.004,0.025,0.025,0.002,574.02903
0.003,240,900,0.004,0.025,0.025,0.0,595.317054
0.004,240,900,0.0035,0.025,0.025,0.0,759.499984
0.005,240,1000,0.0035,0.0,0.025,0.0,594.227539
0.005,180,1000,0.004,0.0,0.025,0.0025,596.325636
0.004,180,1200,0.003,0.025,0.0,0.002,550.062095
0.005,240,1000,0.004,0.0,0.025,0.0025,543.46342
0.003,200,1000,0.003,0.025,0.025,0.0,1500.0
0.005,240,900,0.003,0.025,0.04,0.005,576.753589
0.003,240,900,0.0035,0.05,0.04,0.003,507.916848
0.004,240,1000,0.003,0.025,0.0,0.0,587.919615
0.005,200,1200,0.004,0.025,0.0,0.0,575.758828
0.003,200,1200,0.0035,0.05,0.025,0.0015,673.985659
0.004,240,900,0.0035,0.025,0.04,0.0,542.844453
0.004,200,1200,0.004,0.025,0.025,0.004,794.361992
0.004,200,1200,0.0035,0.0,0.04,0.002,574.888132
0.003,240,900,0.003,0.0,0.0,0.0015,543.13917
0.005,200,1000,0.0035,0.0,0.04,0.0,560.103674
0.003,180,900,0.004,0.0,0.025,0.0015,574.018119
0.003,180,900,0.004,0.05,0.04,0.0,684.570261
0.003,180,1200,0.0035,0.0,0.015,0.0,563.87293
0.004,200,1200,0.004,0.025,0.0,0.004,563.505462
0.003,180,1000,0.004,0.025,0.025,0.0015,1284.005054
0.005,180,900,0.0035,0.05,0.04,0.0,571.865465
0.005,240,900,0.003,0.025,0.025,0.005,791.67071
0.005,180,900,0.0035,0.0,0.015,0.0025,630.349773
0.005,200,1000,0.0035,0.0,0.025,0.005,617.398768
0.005,240,1000,0.003,0.05,0.025,0.0025,659.954122
0.005,240,900,0.0035,0.025,0.015,0.0,730.518514
0.004,240,1000,0.0035,0.05,0.0,0.002,544.256148
0.004,180,1000,0.004,0.05,0.02,0.0,714.620027
0.004,180,1000,0.0035,0.0,0.0,0.002,607.989443
0.005,240,1000,0.003,0.025,0.0,0.0,588.173655
0.004,240,1200,0.004,0.0,0.02,0.004,750.466977
0.005,200,900,0.0035,0.0,0.025,0.005,606.808364
0.005,200,900,0.003,0.025,0.015,0.0,851.32285
0.004,180,1000,0.004,0.05,0.025,0.002,611.099673
0.004,200,1000,0.004,0.05,0.04,0.0,546.623726
0.003,240,1000,0.004,0.05,0.02,0.003,761.074446
0.003,200,1200,0.0035,0.0,0.025,0.003,963.186491
0.005,200,1200,0.004,0.0,0.015,0.0,605.477521
0.003,200,1000,0.003,0.025,0.0,0.0,568.633903
0.004,180,900,0.004,0.05,0.025,0.004,597.975632
0.005,180,1200,0.003,0.0,0.025,0.0025,742.956064
0.003,240,1000,0.004,0.0,0.02,0.0015,1456.094332
0.005,180,1200,0.003,0.0,0.025,0.005,742.161167
0.003,180,1000,0.003,0.025,0.015,0.003,577.060506
0.003,180,900,0.0035,0.0,0.02,0.0,631.198716
0.005,240,900,0.003,0.05,0.02,0.0,905.422784
0.005,180,1200,0.0035,0.0,0.04,0.0,609.474745
0.004,200,1200,0.003,0.05,0.04,0.002,607.755052
0.003,240,900,0.004,0.0,0.0,0.0015,521.103128
0.004,200,1200,0.003,0.0,0.015,0.0,741.112637
0.004,180,1200,0.003,0.0,0.0,0.0,558.49116
0.003,180,1200,0.0035,0.05,0.0,0.003,575.396718
0.004,200,1000,0.003,0.05,0.04,0.004,594.17181
0.005,200,900,0.0035,0.0,0.015,0.0025,615.752703
0.004,200,1200,0.004,0.0,0.02,0.002,740.616807
0.005,200,900,0.0035,0.05,0.02,0.0,672.641517
0.004,240,1200,0.003,0.0,0.0,0.002,591.476941
0.004,180,900,0.0035,0.025,0.0,0.002,592.628989
0.003,200,900,0.004,0.0,0.04,0.0,495.367851
0.003,240,1200,0.003,0.0,0.025,0.0015,710.085569
0.004,200,1000,0.0035,0.05,0.02,0.002,1386.544522
0.005,180,1000,0.003,0.025,0.025,0.0,902.886373
0.004,200,900,0.003,0.05,0.02,0.002,878.396851
0.005,180,1000,0.003,0.0,0.025,0.0025,701.920256
0.005,180,900,0.004,0.0,0.015,0.0,594.115881
0.004,240,1000,0.003,0.0,0.025,0.002,688.999422
0.003,240,900,0.004,0.05,0.0,0.0015,471.142303
0.004,180,900,0.0035,0.05,0.025,0.004,641.444478
0.005,180,1200,0.003,0.0,0.015,0.0,743.120985
0.005,200,1000,0.004,0.0,0.025,0.005,579.347533
0.005,180,1200,0.004,0.025,0.025,0.0,789.088994
0.004,180,1200,0.004,0.025,0.0,0.0,560.485879
0.005,180,1000,0.0035,0.05,0.0,0.0025,586.788134
0.005,240,1200,0.004,0.0,0.025,0.0025,575.438557
0.004,180,1200,0.004,0.05,0.0,0.004,570.76208
0.005,240,1000,0.004,0.0,0.04,0.005,510.506947
0.003,240,900,0.003,0.0,0.02,0.0,1500.0
0.004,200,1000,0.003,0.025,0.0,0.002,588.737836
0.003,200,1200,0.0035,0.0,0.04,0.0015,595.180059
0.003,200,900,0.004,0.05,0.04,0.0,549.621575
0.004,180,1200,0.0035,0.025,0.02,0.002,1056.229719
0.005,180,900,0.003,0.05,0.025,0.0,685.795105
0.004,180,1000,0.0035,0.05,0.015,0.004,569.51553
0.005,200,900,0.003,0.0,0.04,0.0,585.404506
0.003,240,900,0.0035,0.0,0.015,0.003,868.239961
0.004,240,1200,0.004,0.025,0.02,0.0,1493.337839
0.005,180,1000,0.003,0.0,0.04,0.0,621.544084
0.003,180,1200,0.004,0.025,0.015,0.0015,817.728205
0.005,240,900,0.003,0.025,0.015,0.0025,799.182125
0.004,180,1000,0.0035,0.0,0.02,0.0,1500.0
0.005,200,900,0.004,0.0,0.04,0.005,536.120682
0.003,200,1200,0.003,0.0,0.04,0.003,522.050567
0.003,200,1200,0.003,0.0,0.025,0.003,522.050567
0.003,200,900,0.0035,0.0,0.025,0.003,608.900178
0.005,180,1200,0.004,0.025,0.015,0.0025,783.707201
0.004,240,900,0.004,0.025,0.0,0.002,514.906816
0.003,200,1000,0.003,0.025,0.015,0.0015,577.810499
0.004,240,1000,0.0035,0.05,0.02,0.002,774.706816
0.003,200,900,0.003,0.0,0.025,0.003,680.413464
0.005,180,900,0.004,0.0,0.04,0.005,548.92398
0.005,240,900,0.0035,0.025,0.0,0.005,543.324736
0.004,180,1000,0.003,0.0,0.02,0.004,1092.910697
0.005,240,1200,0.004,0.025,0.02,0.0025,1095.67661
0.003,180,1200,0.003,0.0,0.0,0.0,519.991772
0.003,180,900,0.004,0.0,0.025,0.0,574.01812
0.004,240,1200,0.004,0.025,0.025,0.002,770.34371
0.003,240,900,0.0035,0.025,0.04,0.0,549.745446
0.003,180,1000,0.0035,0.0,0.025,0.0,892.937283
0.003,240,1200,0.004,0.0,0.04,0.0015,550.079325
0.005,200,900,0.004,0.025,0.04,0.0025,555.678365
0.003,240,1000,0.003,0.0,0.04,0.0,486.615787
0.005,240,900,0.0035,0.025,0.025,0.0025,714.32504
0.003,240,1000,0.004,0.025,0.02,0.0,926.725112
0.005,200,1200,0.004,0.0,0.0,0.005,551.456032
0.003,200,1200,0.003,0.0,0.015,0.003,1267.251236
0.003,240,1200,0.0035,0.05,0.025,0.003,666.980099
0.005,200,1000,0.004,0.025,0.025,0.0025,709.286612
0.003,180,1200,0.004,0.0,0.04,0.003,617.903327
0.003,200,1000,0.004,0.05,0.0,0.003,581.08847
0.004,200,900,0.003,0.025,0.015,0.0,686.530402
0.003,200,900,0.004,0.0,0.04,0.003,495.367851
0.005,180,1000,0.004,0.025,0.04,0.0025,584.626049
0.005,200,1200,0.0035,0.0,0.015,0.005,659.415454
0.003,200,1000,0.004,0.05,0.04,0.0,523.027068
0.005,240,1200,0.0035,0.025,0.025,0.0,811.336883
0.003,240,1200,0.003,0.05,0.0,0.0,574.581301
0.004,200,900,0.003,0.025,0.02,0.002,865.360115
0.005,200,1200,0.003,0.0,0.0,0.0025,622.560645
0.005,200,1000,0.004,0.0,0.025,0.0025,579.7274
0.005,240,1200,0.0035,0.025,0.02,0.0,1500.0
0.005,200,1200,0.004,0.0,0.015,0.0025,605.894607
0.003,200,900,0.003,0.025,0.04,0.0015,571.502447
0.005,200,1200,0.003,0.05,0.02,0.0025,875.827249
0.003,180,1000,0.0035,0.0,0.015,0.003,543.894715
0.003,180,1000,0.0035,0.025,0.025,0.0,1500.0
0.005,180,1000,0.004,0.0,0.0,0.005,552.578273
0.004,240,1200,0.0035,0.0,0.0,0.0,565.705503
0.003,180,1200,0.0035,0.025,0.0,0.0015,564.535026
0.005,240,1000,0.0035,0.0,0.015,0.0,603.096249
0.004,240,1200,0.003,0.0,0.015,0.0,727.359161
0.005,200,1200,0.003,0.0,0.025,0.0025,724.045226
0.005,240,1200,0.003,0.05,0.025,0.0,694.976329
0.004,240,1200,0.0035,0.05,0.02,0.002,898.093493
0.003,200,1000,0.0035,0.05,0.04,0.0,643.778592
0.003,200,900,0.003,0.0,0.02,0.0015,1000.337308
0.004,180,900,0.003,0.0,0.015,0.0,778.027265
0.005,240,1200,0.0035,0.0,0.02,0.0,1005.132225
0.004,200,1200,0.004,0.025,0.015,0.002,799.153292
0.005,180,1000,0.003,0.05,0.025,0.0,701.946334
0.005,200,1000,0.004,0.0,0.015,0.005,586.957496
0.004,200,900,0.0035,0.025,0.025,0.002,624.312561
0.003,240,1200,0.004,0.05,0.04,0.0,508.506081
0.005,180,900,0.0035,0.025,0.0,0.0025,596.126074
0.005,180,900,0.003,0.0,0.025,0.005,685.173364
0.005,200,900,0.004,0.0,0.015,0.005,575.532515
0.004,240,1000,0.0035,0.0,0.015,0.0,622.213626
0.004,200,1200,0.003,0.025,0.0,0.002,609.393709
0.005,240,900,0.003,0.05,0.015,0.0,648.072152
0.004,180,1200,0.003,0.05,0.04,0.004,623.262832
0.004,180,1200,0.003,0.05,0.0,0.0,622.52116
0.004,180,1000,0.003,0.05,0.04,0.0,605.619141
0.004,200,1000,0.0035,0.025,0.02,0.0,842.058172
0.004,180,1200,0.0035,0.05,0.02,0.004,839.663601
0.005,180,900,0.0035,0.025,0.015,0.0025,771.732477
0.003,240,1200,0.0035,0.05,0.025,0.0,666.980208
0.004,200,900,0.003,0.05,0.02,0.004,875.397139
0.005,200,1000,0.003,0.0,0.02,0.0025,778.771699
0.004,240,900,0.003,0.025,0.025,0.004,853.587284
0.005,240,1000,0.004,0.025,0.025,0.0025,681.780413
0.004,200,1200,0.003,0.025,0.025,0.0,950.778235
0.003,240,900,0.003,0.0,0.04,0.0015,541.975087
0.004,200,1000,0.0035,0.025,0.015,0.004,645.783086
0.004,200,1200,0.0035,0.05,0.025,0.002,670.406317
0.005,240,1200,0.0035,0.05,0.025,0.0025,632.144061
0.004,240,1200,0.004,0.0,0.025,0.004,600.918818
0.005,240,1000,0.004,0.05,0.0,0.0025,509.956903
0.003,240,1000,0.0035,0.05,0.015,0.0,627.558175
0.003,180,1000,0.0035,0.0,0.04,0.0015,636.770986
0.005,240,1000,0.0035,0.05,0.015,0.0,603.508947
0.003,200,1200,0.004,0.025,0.0,0.0,551.837763
0.004,180,900,0.003,0.05,0.015,0.002,696.031045
0.005,240,1000,0.004,0.05,0.02,0.0025,569.274637
0.004,200,1000,0.004,0.05,0.015,0.004,744.37641
0.004,200,900,0.004,0.05,0.015,0.002,720.506261
0.005,180,1200,0.004,0.025,0.04,0.0,604.020974
0.003,180,1000,0.0035,0.025,0.02,0.003,842.336268
0.005,240,900,0.003,0.05,0.025,0.0,639.02896
0.005,180,1200,0.003,0.025,0.025,0.0,953.538687
0.004,240,1200,0.003,0.05,0.0,0.002,591.14495
0.003,180,900,0.004,0.025,0.04,0.0015,1189.630036
0.003,180,1000,0.004,0.05,0.015,0.0,519.399891
0.004,180,900,0.0035,0.0,0.015,0.004,885.791457
0.005,240,1000,0.004,0.0,0.015,0.0,550.021594
0.005,200,1000,0.003,0.025,0.04,0.0025,614.466866
0.003,200,1000,0.0035,0.05,0.02,0.0,552.659626
0.004,240,900,0.003,0.05,0.025,0.002,665.624145
0.003,200,1200,0.0035,0.025,0.025,0.0,763.789393
0.003,240,1200,0.004,0.0,0.0,0.003,551.654329
0.004,180,900,0.0035,0.05,0.04,0.0,573.932358
0.005,240,1200,0.003,0.0,0.02,0.0025,940.987858
0.003,240,900,0.0035,0.05,0.04,0.0015,507.916848
0.005,200,900,0.003,0.025,0.025,0.0025,827.293963
0.005,240,1200,0.004,0.025,0.015,0.005,724.838672
0.004,240,1200,0.003,0.025,0.02,0.002,1500.0
0.004,180,1200,0.003,0.0,0.04,0.0,557.01632
0.003,180,1000,0.003,0.05,0.0,0.0015,919.570341
0.005,180,1200,0.0035,0.0,0.02,0.005,726.404066
0.004,180,900,0.004,0.025,0.0,0.0,642.922509
0.005,240,1200,0.003,0.025,0.015,0.0025,876.802853
0.004,180,1200,0.0035,0.025,0.04,0.0,623.64154
0.005,180,1000,0.0035,0.025,0.02,0.005,1117.816966
0.005,180,900,0.004,0.0,0.015,0.0025,594.517677
0.005,240,1200,0.0035,0.0,0.0,0.0025,561.786977
0.005,240,900,0.004,0.025,0.02,0.0025,922.681324
0.003,200,1200,0.0035,0.05,0.02,0.0,1074.573837
0.005,240,900,0.003,0.0,0.015,0.0025,648.001396
0.005,200,1200,0.0035,0.05,0.025,0.0,658.360716
0.004,180,900,0.004,0.025,0.025,0.0,567.36852
0.005,240,1000,0.004,0.05,0.015,0.0,550.358272
0.003,240,1200,0.004,0.05,0.0,0.0,507.946324
0.004,200,1000,0.0035,0.05,0.02,0.004,1311.707939
0.004,180,1200,0.004,0.0,0.015,0.0,885.32984
0.005,200,1000,0.003,0.025,0.0,0.0,614.900925
0.003,240,1000,0.003,0.05,0.04,0.003,561.091381
0.005,200,900,0.0035,0.0,0.02,0.0,736.639225
0.005,180,900,0.004,0.025,0.015,0.0025,715.383196
0.005,200,900,0.0035,0.0,0.015,0.0,615.3207
0.003,180,1000,0.0035,0.025,0.015,0.003,562.371444
0.004,200,1000,0.003,0.05,0.025,0.004,898.691615
0.004,200,1000,0.0035,0.05,0.04,0.004,573.022473
0.003,240,900,0.003,0.025,0.02,0.0,864.451842
0.005,200,1000,0.0035,0.0,0.015,0.0025,624.253957
0.004,240,900,0.003,0.025,0.0,0.0,579.413142
0.005,180,1000,0.004,0.0,0.015,0.0,599.735713
0.003,200,1000,0.004,0.0,0.04,0.003,581.08847
0.005,200,1200,0.0035,0.05,0.015,0.0025,659.415454
0.005,180,1000,0.004,0.0,0.02,0.005,622.645125
0.005,240,900,0.0035,0.05,0.015,0.0,582.514037
0.004,240,1000,0.004,0.05,0.025,0.0,562.107657
0.005,240,900,0.0035,0.0,0.025,0.0,574.050002
0.005,240,1000,0.0035,0.025,0.02,0.0,1463.120957
0.005,240,1200,0.003,0.05,0.02,0.0025,907.102659
0.005,240,1200,0.004,0.0,0.04,0.0025,530.920762
0.005,200,1000,0.003,0.025,0.025,0.005,854.09286
0.004,200,1000,0.004,0.0,0.0,0.0,565.541434
0.003,200,1200,0.0035,0.05,0.025,0.0,673.985684
0.003,200,900,0.004,0.05,0.025,0.0,696.336736
0.004,180,900,0.004,0.05,0.02,0.0,597.975642
0.003,180,1000,0.003,0.0,0.015,0.0,508.987835
0.003,200,1000,0.003,0.0,0.04,0.0,704.117506
0.004,180,1000,0.003,0.025,0.015,0.002,599.104405
0.005,180,1200,0.003,0.05,0.025,0.0,743.115227
0.004,180,1200,0.004,0.05,0.04,0.004,569.341829
0.005,200,1000,0.0035,0.025,0.02,0.005,1092.197998
0.005,240,900,0.004,0.025,0.025,0.0,667.475616
0.005,240,1000,0.004,0.0,0.0,0.005,509.956903
0.004,240,1000,0.004,0.0,0.015,0.0,563.088168
0.004,180,1200,0.003,0.05,0.0,0.004,622.52116
0.005,240,1000,0.0035,0.05,0.0,0.0025,541.344569
0.004,240,1000,0.004,0.025,0.04,0.004,524.214727
0.003,200,1200,0.0035,0.0,0.025,0.0,965.754035
0.003,180,900,0.003,0.025,0.0,0.0015,579.646389
0.004,180,1000,0.003,0.0,0.025,0.002,735.282984
0.004,180,900,0.003,0.05,0.025,0.0,694.524088
0.003,200,1000,0.003,0.0,0.02,0.0015,710.074934
0.004,200,1000,0.004,0.0,0.04,0.002,565.90185
0.003,200,1000,0.004,0.025,0.0,0.003,730.218683
0.005,240,1000,0.0035,0.025,0.04,0.0025,554.506878
0.004,200,900,0.003,0.05,0.015,0.0,1500.0
0.004,180,1200,0.003,0.05,0.04,0.0,623.262832
0.003,200,1200,0.0035,0.0,0.015,0.0,969.639298
0.005,240,1000,0.003,0.0,0.02,0.0,1059.119977
0.003,200,1200,0.0035,0.0,0.015,0.003,966.975764
0.005,200,1200,0.004,0.05,0.02,0.0025,640.45735
0.005,200,1200,0.003,0.05,0.025,0.0025,723.318806
0.005,200,1000,0.0035,0.05,0.015,0.0025,623.792615
0.003,200,1000,0.003,0.0,0.02,0.003,710.074934
0.005,240,900,0.004,0.0,0.025,0.0,527.103734
0.004,200,900,0.003,0.0,0.0,0.002,560.485879
0.004,200,1000,0.0035,0.05,0.025,0.0,825.588021
0.003,200,900,0.003,0.025,0.0,0.0015,573.018067
0.003,200,900,0.0035,0.025,0.015,0.0015,789.020997
0.004,240,1200,0.004,0.0,0.04,0.0,533.481099
0.004,240,1200,0.003,0.0,0.015,0.002,727.888457
0.004,200,900,0.0035,0.025,0.04,0.0,555.038295
0.005,180,1200,0.003,0.025,0.04,0.005,648.985777
0.004,240,900,0.0035,0.025,0.025,0.002,757.358185
0.004,200,1000,0.004,0.05,0.025,0.002,743.370593
0.003,240,1000,0.003,0.0,0.04,0.0015,486.615787
0.005,180,1200,0.004,0.0,0.025,0.0,629.685224
0.004,240,900,0.0035,0.0,0.015,0.004,598.438963
0.004,240,1200,0.0035,0.0,0.025,0.0,659.858118
0.005,180,1000,0.0035,0.05,0.015,0.0,649.753719
0.003,200,900,0.003,0.025,0.02,0.0015,1500.0
0.003,240,1200,0.0035,0.0,0.015,0.0,941.435173
0.004,200,900,0.0035,0.0,0.0,0.0,687.024652
0.003,240,1200,0.004,0.025,0.025,0.0,667.283873
0.003,200,1200,0.003,0.05,0.025,0.003,763.333725
0.005,200,1200,0.003,0.05,0.0,0.0025,622.108313
0.004,180,1000,0.0035,0.0,0.0,0.004,607.634267
0.003,180,1000,0.004,0.0,0.02,0.0,593.363593
0.003,180,900,0.004,0.025,0.025,0.003,722.0125
0.004,200,1000,0.003,0.025,0.015,0.004,701.639557
0.005,240,1200,0.003,0.0,0.025,0.0,694.409943
0.005,180,1200,0.004,0.0,0.015,0.005,631.509089
0.004,200,900,0.003,0.025,0.04,0.004,587.6097
0.004,200,1000,0.003,0.025,0.0,0.004,588.409533
0.005,240,900,0.003,0.025,0.02,0.005,1158.996583
0.004,240,900,0.0035,0.025,0.015,0.004,758.827371
0.004,180,900,0.004,0.05,0.04,0.004,545.817283
0.004,180,1000,0.0035,0.05,0.04,0.004,655.104359
0.003,200,1000,0.0035,0.05,0.02,0.003,552.659626
0.005,200,1000,0.003,0.025,0.04,0.005,614.029297
0.003,180,1200,0.004,0.025,0.0,0.003,531.128481
0.005,240,900,0.003,0.0,0.02,0.005,734.246508
0.005,240,1200,0.004,0.05,0.02,0.0025,646.293145
0.004,240,1000,0.004,0.025,0.015,0.0,720.179608
0.004,240,900,0.0035,0.05,0.025,0.002,597.120788
0.004,200,1000,0.0035,0.025,0.025,0.002,645.006522
0.003,180,1200,0.003,0.025,0.025,0.0015,1500.0
0.003,180,1200,0.0035,0.025,0.025,0.003,1500.0
0.003,180,1000,0.003,0.0,0.025,0.0015,714.997453
0.003,240,1000,0.0035,0.025,0.025,0.0,703.901219
0.005,240,900,0.003,0.05,0.04,0.0025,567.113656
0.005,200,900,0.0035,0.025,0.0,0.0025,577.227752
0.005,180,1200,0.004,0.0,0.0,0.0,579.511042
0.005,200,900,0.004,0.0,0.025,0.005,568.188718
0.005,240,1200,0.004,0.025,0.04,0.0025,544.664756
0.003,240,1200,0.0035,0.025,0.0,0.0,574.788144
0.004,240,1000,0.004,0.0,0.0,0.0,510.439461
0.003,180,1000,0.004,0.025,0.015,0.003,537.264582
0.003,200,1000,0.0035,0.025,0.02,0.0,541.915585
0.005,180,900,0.003,0.0,0.015,0.005,687.021128
0.003,240,900,0.0035,0.0,0.02,0.0015,1500.0
0.004,200,1200,0.004,0.0,0.025,0.004,622.833467
0.004,200,1200,0.004,0.0,0.015,0.0,623.922255
0.003,180,1000,0.003,0.025,0.02,0.0,587.636054
0.005,200,1200,0.0035,0.025,0.02,0.005,1198.835848
0.004,180,900,0.0035,0.05,0.0,0.0,566.413199
0.004,180,900,0.0035,0.0,0.04,0.004,596.954253
0.003,180,1000,0.003,0.025,0.02,0.003,587.636054
0.003,180,900,0.004,0.05,0.0,0.003,715.95465
0.005,200,1000,0.003,0.025,0.015,0.005,857.964776
0.003,200,900,0.004,0.0,0.025,0.003,549.434756
0.003,180,1200,0.003,0.025,0.025,0.0,1500.0
0.004,200,1200,0.0035,0.05,0.015,0.0,671.736927
0.004,180,900,0.003,0.0,0.04,0.004,521.217417
0.003,240,1200,0.003,0.05,0.04,0.0,575.23312
0.003,180,1200,0.0035,0.0,0.02,0.0015,683.484904
0.004,200,1000,0.004,0.0,0.0,0.002,565.242714
0.004,240,1200,0.0035,0.025,0.025,0.0,853.766772
0.005,240,1200,0.003,0.0,0.0,0.005,595.480911
0.005,240,1000,0.004,0.025,0.0,0.0025,526.787884
0.003,200,900,0.004,0.025,0.025,0.0,703.779532
0.005,200,1200,0.0035,0.025,0.0,0.0,604.73726
0.003,200,900,0.003,0.0,0.015,0.003,689.685208
0.003,240,1200,0.003,0.0,0.02,0.0,1315.495183
0.004,200,1200,0.003,0.0,0.0,0.004,607.031403
0.005,200,1000,0.003,0.0,0.015,0.0,685.177866
0.004,200,900,0.0035,0.05,0.0,0.0,563.975099
0.005,200,1200,0.004,0.05,0.015,0.0025,605.470333
0.004,240,900,0.0035,0.025,0.02,0.004,1193.794939
0.005,200,1200,0.004,0.0,0.025,0.0025,601.729686
0.005,200,900,0.004,0.025,0.0,0.0025,555.95437
0.003,200,900,0.004,0.025,0.015,0.0015,708.476831
0.004,200,900,0.004,0.05,0.02,0.002,1125.732536
0.003,240,900,0.0035,0.0,0.025,0.0015,864.988016
0.003,200,1200,0.004,0.0,0.015,0.003,874.288032
0.004,180,1200,0.004,0.025,0.025,0.0,632.967207
0.004,240,1000,0.0035,0.0,0.0,0.002,544.530447
0.003,240,1200,0.0035,0.0,0.02,0.003,1500.0
0.003,200,900,0.0035,0.0,0.025,0.0015,608.900178
0.003,180,1200,0.003,0.05,0.025,0.0,1303.994738
0.004,180,900,0.0035,0.025,0.025,0.0,695.034952
0.003,180,900,0.003,0.05,0.04,0.0,684.86359
0.005,180,900,0.004,0.025,0.025,0.005,706.29818
0.003,240,1200,0.003,0.05,0.02,0.0,1386.512871
0.003,180,1200,0.003,0.0,0.04,0.0,768.323299
0.004,180,1200,0.0035,0.05,0.04,0.0,592.287597
0.005,180,900,0.0035,0.05,0.02,0.0,663.820361
0.004,240,1000,0.003,0.025,0.015,0.0,892.397178
0.004,180,900,0.0035,0.0,0.02,0.002,1476.28013
0.005,180,900,0.003,0.0,0.04,0.0025,609.926935
0.005,200,900,0.0035,0.0,0.02,0.0025,644.163638
0.004,200,1000,0.003,0.05,0.025,0.0,906.312537
0.003,180,900,0.0035,0.025,0.02,0.003,809.233631
0.004,180,1000,0.004,0.0,0.02,0.004,831.344412
0.003,240,1200,0.004,0.0,0.025,0.0015,854.624875
0.005,180,900,0.003,0.0,0.02,0.0,896.754577
0.004,240,1000,0.0035,0.025,0.04,0.0,554.734922
0.003,180,900,0.0035,0.0,0.015,0.0,538.996414
0.005,240,900,0.003,0.025,0.02,0.0,1500.0
0.003,200,1200,0.0035,0.05,0.04,0.0015,552.285368
0.005,180,900,0.003,0.0,0.015,0.0025,687.624395
0.003,200,1000,0.0035,0.0,0.025,0.0015,541.294079
0.003,200,1200,0.004,0.05,0.04,0.0015,529.370319
0.005,200,900,0.003,0.0,0.02,0.005,732.502249
0.005,200,1000,0.0035,0.025,0.015,0.0025,775.704087
0.004,240,900,0.0035,0.0,0.0,0.004,531.031214
0.004,200,900,0.0035,0.025,0.02,0.002,701.971869
0.003,180,900,0.0035,0.025,0.02,0.0,809.831251
0.004,200,900,0.003,0.05,0.04,0.0,587.239262
0.005,240,1000,0.003,0.0,0.0,0.0025,578.78545
0.005,200,1200,0.0035,0.05,0.04,0.0025,587.114118
0.004,180,1200,0.0035,0.05,0.0,0.0,591.588461
0.003,180,1000,0.004,0.05,0.0,0.0,536.450667
0.003,180,1000,0.003,0.0,0.04,0.0015,1081.459448
0.005,180,1200,0.004,0.025,0.04,0.0025,604.440945
0.003,200,1000,0.0035,0.05,0.015,0.0015,827.734959
0.005,180,900,0.004,0.05,0.02,0.0025,609.919523
0.004,200,1200,0.003,0.05,0.0,0.002,607.031403
0.005,180,1200,0.003,0.025,0.04,0.0,648.985777
0.004,200,1000,0.003,0.025,0.025,0.0,702.961507
0.003,200,1200,0.003,0.025,0.0,0.0,507.430222
0.005,240,1000,0.003,0.025,0.015,0.005,825.658521
0.003,240,900,0.0035,0.0,0.025,0.0,866.121079
0.004,240,1200,0.004,0.05,0.02,0.0,828.182918
0.004,240,900,0.003,0.0,0.0,0.002,570.728522
0.005,240,1200,0.004,0.05,0.025,0.0025,575.06467
0.004,240,900,0.004,0.025,0.025,0.004,691.161906
0.003,200,1200,0.0035,0.05,0.02,0.003,1031.932521
0.004,180,1200,0.003,0.0,0.02,0.004,1164.804123
0.005,200,1200,0.003,0.025,0.0,0.0,632.332052
0.003,180,1200,0.003,0.05,0.0,0.003,600.183995
0.005,240,1200,0.0035,0.0,0.015,0.0,641.611274
0.004,200,1000,0.004,0.05,0.0,0.004,547.94034
0.005,240,1200,0.0035,0.0,0.04,0.0,562.078663
0.005,200,1200,0.003,0.0,0.02,0.0025,901.857208
0.005,240,900,0.003,0.0,0.015,0.005,647.475636
0.005,240,1000,0.003,0.025,0.025,0.0,847.927759
0.005,180,900,0.004,0.05,0.0,0.0025,548.277755
0.005,240,1200,0.0035,0.025,0.04,0.0025,572.298338
0.005,200,1200,0.004,0.025,0.025,0.0,763.654885
0.004,200,900,0.003,0.0,0.04,0.0,633.36183
0.004,180,900,0.003,0.05,0.02,0.004,819.024247
0.003,240,1200,0.004,0.05,0.025,0.003,602.952984
0.004,180,1200,0.0035,0.0,0.015,0.004,952.163966
0.005,200,1200,0.003,0.025,0.0,0.0025,632.803838
0.003,180,900,0.0035,0.0,0.015,0.003,538.996414
0.004,240,1000,0.003,0.05,0.015,0.002,689.756628
0.005,200,900,0.004,0.0,0.04,0.0,536.120682
0.005,180,1000,0.003,0.0,0.0,0.005,620.739978
0.004,200,1000,0.004,0.025,0.025,0.004,590.945389
0.003,180,900,0.004,0.025,0.0,0.003,564.418103
0.004,200,900,0.003,0.05,0.0,0.0,884.616766
0.005,180,900,0.004,0.025,0.02,0.0,1237.951627
0.005,200,1200,0.0035,0.0,0.04,0.0025,587.506029
0.003,180,900,0.003,0.025,0.02,0.0015,1500.0
0.005,240,1200,0.003,0.025,0.04,0.0025,601.154904
0.003,200,1000,0.004,0.025,0.015,0.0015,570.673519
0.005,180,900,0.004,0.025,0.025,0.0,714.272826
0.005,200,900,0.0035,0.0,0.04,0.005,558.431055
0.004,180,1200,0.003,0.0,0.025,0.002,760.975914
0.004,200,1000,0.003,0.025,0.02,0.002,953.563456
0.004,200,1000,0.0035,0.05,0.015,0.002,823.38655
0.003,200,1000,0.004,0.025,0.0,0.0015,730.218683
0.004,240,1000,0.004,0.025,0.04,0.002,524.467608
0.005,180,900,0.0035,0.0,0.02,0.0,729.373619
0.004,200,900,0.004,0.05,0.025,0.002,717.931346
0.004,240,1200,0.0035,0.05,0.0,0.0,566.004786
0.003,200,1000,0.004,0.025,0.02,0.003,507.835552
0.005,200,1000,0.004,0.05,0.025,0.0,579.727536
0.004,240,1200,0.003,0.0,0.015,0.004,727.284451
0.004,200,1200,0.003,0.0,0.015,0.004,741.074671
0.003,200,900,0.0035,0.025,0.025,0.003,784.607632
0.003,180,900,0.003,0.0,0.02,0.0015,978.860047
0.004,240,1200,0.0035,0.025,0.015,0.0,857.345056
0.005,240,1200,0.0035,0.0,0.025,0.0,632.186576
0.004,200,1000,0.004,0.025,0.015,0.002,592.425726
0.005,240,900,0.004,0.0,0.015,0.005,533.030021
0.005,180,1000,0.0035,0.0,0.025,0.0025,647.527322
0.004,200,1200,0.0035,0.025,0.025,0.004,865.630248
0.004,180,900,0.0035,0.0,0.015,0.002,888.806505
0.005,180,1000,0.004,0.0,0.04,0.0025,553.587026
0.005,200,1200,0.003,0.05,0.015,0.0,725.639195
0.005,240,1200,0.003,0.0,0.025,0.0025,694.834419
0.003,240,1200,0.003,0.05,0.04,0.0015,575.23312
0.003,180,1200,0.0035,0.025,0.0,0.003,564.535026
0.004,180,1000,0.0035,0.025,0.015,0.0,716.072411
0.003,180,900,0.004,0.0,0.04,0.0015,665.689654
0.004,180,1000,0.004,0.05,0.02,0.004,640.884491
0.003,240,1200,0.003,0.0,0.015,0.003,713.624433
0.005,200,1000,0.0035,0.025,0.025,0.0025,770.700267
0.005,200,1000,0.0035,0.025,0.0,0.0,582.001108
0.004,200,1200,0.004,0.025,0.015,0.0,803.780077
0.004,200,1000,0.0035,0.0,0.02,0.002,919.403879
0.005,180,1200,0.0035,0.025,0.04,0.0025,627.133302
0.005,240,900,0.0035,0.0,0.025,0.005,574.047326
0.004,200,1200,0.003,0.05,0.04,0.0,608.110397
0.004,240,1200,0.004,0.0,0.0,0.0,532.880855
0.003,200,1200,0.004,0.0,0.025,0.0,871.050328
0.004,200,900,0.0035,0.05,0.04,0.002,562.810011
0.005,240,1200,0.003,0.05,0.0,0.0025,595.480911
0.003,240,1200,0.0035,0.05,0.0,0.0,543.688431
0.004,180,1000,0.004,0.0,0.0,0.0,570.182805
0.004,200,900,0.0035,0.025,0.04,0.004,555.038295
0.004,180,900,0.0035,0.05,0.025,0.002,641.853249
0.003,240,1000,0.0035,0.0,0.025,0.0,892.825191
0.003,180,900,0.0035,0.0,0.025,0.003,778.460991
0.003,180,1200,0.0035,0.0,0.015,0.0015,563.87293
0.004,240,900,0.0035,0.05,0.015,0.002,598.438963
0.004,240,900,0.004,0.0,0.025,0.002,541.756051
0.004,240,1200,0.003,0.05,0.015,0.002,727.284451
0.005,200,1200,0.003,0.0,0.025,0.0,723.545698
0.004,200,1200,0.0035,0.05,0.025,0.0,670.870776
0.005,180,900,0.003,0.025,0.015,0.0,878.866303
0.004,240,1200,0.003,0.0,0.025,0.004,726.083681
0.003,240,900,0.003,0.0,0.015,0.0015,805.678305
0.005,180,1000,0.003,0.05,0.025,0.0025,701.276725
0.003,200,1200,0.0035,0.025,0.02,0.0,1322.39327
0.004,180,900,0.003,0.05,0.0,0.004,592.628989
0.003,240,1000,0.003,0.05,0.025,0.0015,703.548933
0.004,180,1200,0.004,0.05,0.025,0.002,814.250474
0.005,240,1000,0.004,0.0,0.025,0.0,543.135823
0.004,180,900,0.0035,0.05,0.02,0.004,687.823413
0.005,180,900,0.004,0.05,0.025,0.0025,586.756568
0.004,200,1200,0.003,0.0,0.02,0.004,1074.455581
0.003,240,900,0.0035,0.05,0.02,0.0,870.062855
0.004,240,900,0.003,0.025,0.015,0.004,856.306886
0.005,200,1000,0.004,0.0,0.0,0.0,541.783972
0.004,180,900,0.004,0.0,0.025,0.0,572.364806
0.005,180,1000,0.004,0.025,0.02,0.005,981.84934
0.004,200,1000,0.003,0.0,0.015,0.002,574.809194
0.003,240,1000,0.003,0.05,0.015,0.003,706.05638
0.003,240,1200,0.004,0.025,0.015,0.0,670.807376
0.004,240,900,0.0035,0.05,0.025,0.0,597.462068
0.005,240,1000,0.003,0.05,0.015,0.0,669.258048
0.005,200,1200,0.004,0.025,0.0,0.0025,576.133001
0.003,180,900,0.004,0.025,0.025,0.0,722.201476
0.003,200,1200,0.004,0.05,0.015,0.0015,621.889025
0.004,240,1200,0.003,0.025,0.02,0.0,1500.0
0.003,180,1000,0.0035,0.025,0.04,0.0015,836.902511
0.003,200,1000,0.004,0.05,0.04,0.003,523.027068
0.005,180,900,0.0035,0.0,0.015,0.0,629.889951
0.004,200,1200,0.004,0.0,0.02,0.0,814.551378
0.003,180,1000,0.0035,0.025,0.02,0.0015,842.336268
0.005,180,1000,0.0035,0.05,0.02,0.0,727.286349
0.004,200,900,0.004,0.025,0.02,0.002,607.964349
0.005,240,1000,0.004,0.0,0.04,0.0025,510.794006
0.005,200,1000,0.0035,0.0,0.015,0.005,623.792615
0.003,200,900,0.003,0.025,0.015,0.003,887.297585
0.005,240,900,0.0035,0.05,0.025,0.0,574.421348
0.003,200,1200,0.004,0.025,0.04,0.0,552.474278
0.003,180,1000,0.0035,0.05,0.015,0.0,544.077297
0.003,240,1200,0.0035,0.025,0.015,0.0,753.43015
0.003,180,900,0.003,0.025,0.02,0.0,1500.0
0.005,200,1200,0.0035,0.05,0.02,0.0,901.461441
0.004,180,1000,0.003,0.025,0.025,0.002,597.975632
0.003,200,1000,0.003,0.0,0.015,0.0015,567.97027
0.003,200,1000,0.004,0.025,0.015,0.003,570.673519
0.003,240,900,0.0035,0.05,0.02,0.003,836.03065
0.004,180,900,0.0035,0.0,0.0,0.0,598.591454
0.005,180,1000,0.0035,0.025,0.025,0.0025,795.282723
0.003,200,1000,0.003,0.025,0.04,0.0,907.929062
0.005,180,900,0.004,0.0,0.0,0.005,548.277755
0.004,180,1200,0.0035,0.05,0.04,0.002,592.621143
0.003,240,1200,0.003,0.05,0.015,0.003,752.99116
0.004,180,1000,0.004,0.0,0.02,0.0,837.039714
0.004,200,1000,0.004,0.05,0.015,0.002,745.937287
0.004,240,1000,0.0035,0.0,0.015,0.002,622.589961
0.004,180,1000,0.003,0.05,0.02,0.002,932.888307
0.004,200,1000,0.004,0.05,0.04,0.004,546.623726
0.003,180,1200,0.004,0.025,0.015,0.003,817.728205
0.005,200,1200,0.0035,0.025,0.04,0.0,604.017401
0.003,180,1000,0.004,0.05,0.04,0.0,583.121134
0.005,200,900,0.004,0.05,0.025,0.0,568.551679
0.004,240,900,0.004,0.0,0.015,0.004,542.664595
0.005,200,1200,0.0035,0.0,0.025,0.005,657.810886
0.003,240,900,0.004,0.05,0.015,0.0,538.913018
0.004,240,900,0.004,0.025,0.0,0.004,514.663544
0.004,200,900,0.003,0.05,0.02,0.0,882.902838
0.004,240,1200,0.0035,0.025,0.0,0.0,574.740408
0.004,200,900,0.004,0.0,0.04,0.0,555.324873
0.005,180,1200,0.0035,0.0,0.025,0.005,678.11177
0.005,240,1000,0.0035,0.05,0.025,0.0025,594.220372
0.004,240,1200,0.0035,0.025,0.025,0.002,850.172491
0.004,200,900,0.0035,0.05,0.02,0.004,1228.147839
0.005,200,900,0.003,0.0,0.0,0.005,584.684315
0.003,180,1200,0.004,0.0,0.015,0.0015,530.506991
0.003,200,900,0.003,0.025,0.04,0.0,571.502447
0.004,240,900,0.004,0.0,0.025,0.004,541.484706
0.005,180,900,0.003,0.025,0.02,0.0,1500.0
0.005,200,900,0.003,0.0,0.015,0.005,666.375584
0.005,200,900,0.0035,0.025,0.0,0.005,576.851908
0.003,240,1200,0.0035,0.0,0.04,0.0015,575.82965
0.003,200,1200,0.0035,0.05,0.04,0.003,552.285368
0.005,180,1200,0.0035,0.025,0.015,0.005,852.22048
0.005,200,1000,0.004,0.05,0.04,0.0,542.734453
0.005,200,1200,0.0035,0.0,0.04,0.005,587.114118
0.004,240,900,0.003,0.025,0.025,0.002,856.301693
0.004,180,1000,0.004,0.05,0.0,0.002,550.342938
0.003,180,1200,0.0035,0.025,0.02,0.0,888.438183
0.005,180,1200,0.004,0.025,0.0,0.0025,604.675172
0.005,240,1000,0.003,0.025,0.04,0.0,586.867729
0.003,240,1200,0.0035,0.05,0.015,0.0,670.499327
0.003,200,1200,0.004,0.0,0.02,0.0,1500.0
0.005,200,1000,0.003,0.05,0.015,0.0,685.757746
0.003,180,900,0.003,0.05,0.0,0.0015,578.489489
0.003,200,1200,0.003,0.05,0.015,0.0015,764.634629
0.005,200,1200,0.004,0.025,0.04,0.0,575.560968
0.004,200,1000,0.003,0.025,0.02,0.004,919.403879
0.004,240,1000,0.004,0.05,0.04,0.0,511.237255
0.005,200,900,0.003,0.025,0.015,0.005,827.713932
0.004,240,1000,0.004,0.05,0.0,0.0,510.678599
0.003,240,1200,0.003,0.025,0.04,0.0,485.010394
0.005,180,900,0.003,0.0,0.04,0.005,609.497432
0.005,180,900,0.003,0.0,0.04,0.0,609.497432
0.003,200,1200,0.0035,0.05,0.02,0.0015,1031.932521
0.003,200,1200,0.0035,0.05,0.015,0.0015,673.163923
0.004,180,1200,0.003,0.0,0.02,0.0,1367.325087
0.005,180,1000,0.004,0.05,0.02,0.0,637.668284
0.004,200,900,0.0035,0.05,0.025,0.002,785.000813
0.005,240,1000,0.004,0.025,0.025,0.005,679.769576
0.005,240,900,0.003,0.05,0.025,0.0025,638.507185
0.003,240,1200,0.004,0.05,0.02,0.0015,879.360323
0.003,240,1000,0.004,0.025,0.04,0.0,522.945633
0.004,180,1200,0.0035,0.05,0.0,0.002,591.921055
0.003,240,1200,0.003,0.05,0.015,0.0015,752.99116
0.004,240,900,0.0035,0.0,0.02,0.002,741.290427
0.003,180,1200,0.0035,0.025,0.015,0.0015,576.585032
0.005,180,1000,0.0035,0.025,0.04,0.0,608.915897
0.004,200,900,0.0035,0.05,0.015,0.0,789.404651
0.004,180,1200,0.003,0.05,0.02,0.0,1238.54211
0.003,180,1000,0.004,0.0,0.015,0.0,519.23469
0.004,200,1200,0.004,0.025,0.015,0.004,796.611362
0.003,240,1000,0.003,0.05,0.015,0.0015,706.05638
0.005,200,1200,0.0035,0.05,0.025,0.0025,657.810886
0.005,200,1000,0.003,0.0,0.04,0.0025,600.316887
0.004,240,900,0.004,0.05,0.02,0.0,669.701522
0.003,240,900,0.004,0.05,0.015,0.0015,538.913005
0.005,240,900,0.004,0.025,0.015,0.0025,666.643049
0.003,240,1000,0.0035,0.0,0.02,0.0,1500.0
0.004,240,900,0.0035,0.05,0.0,0.002,531.031214
0.004,200,1200,0.004,0.025,0.0,0.0,563.505462
0.004,240,1200,0.003,0.025,0.04,0.0,595.730042
0.003,200,900,0.003,0.0,0.015,0.0015,689.685208
0.003,240,1200,0.0035,0.05,0.025,0.0015,666.980099
0.004,200,1200,0.0035,0.05,0.015,0.002,671.270669
0.003,180,1200,0.004,0.025,0.02,0.0015,1456.733797
0.003,180,900,0.004,0.025,0.015,0.0015,508.829459
0.004,200,1000,0.004,0.05,0.02,0.002,1205.487121
0.005,240,1000,0.004,0.05,0.015,0.0025,550.019352
0.003,240,1200,0.003,0.0,0.025,0.003,710.085569
0.005,180,900,0.004,0.05,0.025,0.0,587.148302
0.004,180,1000,0.003,0.025,0.025,0.0,598.317152
0.003,240,1200,0.004,0.0,0.025,0.0,855.636112
0.003,240,1000,0.004,0.05,0.02,0.0,786.055357
0.005,180,1200,0.0035,0.0,0.02,0.0025,728.218664
0.003,240,1000,0.003,0.0,0.015,0.0,687.284603
0.003,240,900,0.004,0.05,0.0,0.0,471.142303
0.004,180,1200,0.0035,0.05,0.015,0.002,686.952525
0.005,200,900,0.004,0.025,0.04,0.005,555.334036
0.003,240,900,0.004,0.0,0.04,0.0015,519.928119
0.005,200,1000,0.0035,0.025,0.015,0.005,772.783906
0.005,240,1200,0.004,0.05,0.02,0.0,784.18729
0.005,180,900,0.004,0.025,0.015,0.005,713.655264
0.004,180,900,0.004,0.025,0.04,0.004,545.20495
0.004,240,1200,0.003,0.0,0.0,0.004,591.14495
0.003,240,900,0.0035,0.025,0.015,0.0,675.205421
